#
# A fatal error has been detected by the Java Runtime Environment:
#
#  SIGSEGV (0xb) at pc=0x00007ff80b3a3662, pid=84556, tid=70403
#
# JRE version: OpenJDK Runtime Environment (21.0.9) (build 21.0.9+-14649483-b1163.86)
# Java VM: OpenJDK 64-Bit Server VM (21.0.9+-14649483-b1163.86, mixed mode, tiered, compressed oops, compressed class ptrs, g1 gc, bsd-amd64)
# Problematic frame:
# C  [libsystem_malloc.dylib+0xc662]  large_malloc+0x54
#
# No core dump will be written. Core dumps have been disabled. To enable core dumping, try "ulimit -c unlimited" before starting Java again
#
# If you would like to submit a bug report, please visit:
#   https://youtrack.jetbrains.com/issues/JBR
#

---------------  S U M M A R Y ------------

Command Line: --add-opens=java.base/java.lang=ALL-UNNAMED --add-opens=java.base/java.lang.invoke=ALL-UNNAMED --add-opens=java.base/java.util=ALL-UNNAMED --add-opens=java.prefs/java.util.prefs=ALL-UNNAMED --add-exports=jdk.compiler/com.sun.tools.javac.api=ALL-UNNAMED --add-exports=jdk.compiler/com.sun.tools.javac.util=ALL-UNNAMED --add-opens=java.base/java.util=ALL-UNNAMED --add-opens=java.prefs/java.util.prefs=ALL-UNNAMED --add-opens=java.base/java.nio.charset=ALL-UNNAMED --add-opens=java.base/java.net=ALL-UNNAMED --add-opens=java.base/java.util.concurrent=ALL-UNNAMED --add-opens=java.base/java.util.concurrent.atomic=ALL-UNNAMED --add-opens=java.xml/javax.xml.namespace=ALL-UNNAMED --add-opens=java.base/java.time=ALL-UNNAMED -Xmx2048m -Dfile.encoding=UTF-8 -Duser.country=NG -Duser.language=en -Duser.variant -javaagent:/Users/john/.gradle/wrapper/dists/gradle-9.2.1-bin/2t0n5ozlw9xmuyvbp7dnzaxug/gradle-9.2.1/lib/agents/gradle-instrumentation-agent-9.2.1.jar org.gradle.launcher.daemon.bootstrap.GradleDaemon 9.2.1

Host: "MacBookPro13,3" x86_64 2900 MHz, 8 cores, 16G, Darwin 21.6.0, macOS 12.7.6 (21H1320)
Time: Sat Aug 29 20:44:15 2026 WAT elapsed time: 188.459327 seconds (0d 0h 3m 8s)

---------------  T H R E A D  ---------------

Current thread (0x00007f7ed053ce00):  JavaThread "C2 CompilerThread1" daemon [_thread_in_native, id=70403, stack(0x000070000ea57000,0x000070000eb57000) (1024K)]


Current CompileTask:
C2:188460 15492 %     4       java.net.URI::quote @ 24 (214 bytes)

Stack: [0x000070000ea57000,0x000070000eb57000],  sp=0x000070000eb54478,  free space=1013k
Native frames: (J=compiled Java code, j=interpreted, Vv=VM code, C=native code)
C  [libsystem_malloc.dylib+0xc662]  large_malloc+0x54
C  [libsystem_malloc.dylib+0x2885]  szone_malloc_should_clear+0xf5
C  [libsystem_malloc.dylib+0x1dabb]  _malloc_zone_malloc+0x7d
V  [libjvm.dylib+0x8b941a]  os::malloc(unsigned long, MEMFLAGS, NativeCallStack const&)+0x19a
V  [libjvm.dylib+0x16639f]  Chunk::operator new(unsigned long, AllocFailStrategy::AllocFailEnum, unsigned long)+0xcf
V  [libjvm.dylib+0x166dfa]  Arena::grow(unsigned long, AllocFailStrategy::AllocFailEnum)+0x12a
V  [libjvm.dylib+0x166f67]  Arena::Arealloc(void*, unsigned long, unsigned long, AllocFailStrategy::AllocFailEnum)+0xc7
V  [libjvm.dylib+0x89ae61]  Node::add_req(Node*)+0xb1
V  [libjvm.dylib+0xa62d9]  maxD_regNode::Expand(State*, Node_List&, Node*)+0xd9
V  [libjvm.dylib+0x838480]  Matcher::specialize_generic_vector_operands()+0x1c0
V  [libjvm.dylib+0x82ce34]  Matcher::match()+0xbc4
V  [libjvm.dylib+0x33bdc6]  Compile::Code_Gen()+0x96
V  [libjvm.dylib+0x339f24]  Compile::Compile(ciEnv*, ciMethod*, int, Options, DirectiveSet*)+0x1244
V  [libjvm.dylib+0x2940b5]  C2Compiler::compile_method(ciEnv*, ciMethod*, int, bool, DirectiveSet*)+0x125
V  [libjvm.dylib+0x34b580]  CompileBroker::invoke_compiler_on_method(CompileTask*)+0x6a0
V  [libjvm.dylib+0x34acf5]  CompileBroker::compiler_thread_loop()+0x5f5
V  [libjvm.dylib+0x564ad4]  JavaThread::thread_main_inner()+0x94
V  [libjvm.dylib+0xa56ce8]  Thread::call_run()+0xa8
V  [libjvm.dylib+0x8be089]  thread_native_entry(Thread*)+0x109
C  [libsystem_pthread.dylib+0x64e1]  _pthread_start+0x7d
C  [libsystem_pthread.dylib+0x1f6b]  thread_start+0xf

siginfo: si_signo: 11 (SIGSEGV), si_code: 0 (unknown), si_addr: 0x0000000000000000

Registers:
RAX=0x000000000000000c, RBX=0x0000000000000041, RCX=0x000000000000000c, RDX=0x0000000000000000
RSP=0x000070000eb54478, RBP=0x000070000eb544c8, RSI=0x0000000000000041, RDI=0x0000000107e85000
R8 =0x0000000000000000, R9 =0x0000000000000000, R10=0x0000000109e53aa0, R11=0x0000000000000808
R12=0x0000000000000000, R13=0x0000000107e85000, R14=0x0000000000041000, R15=0x0000000000000000
RIP=0x00007ff80b3a3662, EFLAGS=0x0000000000010206, ERR=0x0000000000000000
  TRAPNO=0x000000000000000d


Register to memory mapping:

RAX=0x000000000000000c is an unknown value
RBX=0x0000000000000041 is an unknown value
RCX=0x000000000000000c is an unknown value
RDX=0x0 is null
RSP=0x000070000eb54478 is pointing into the stack for thread: 0x00007f7ed053ce00
RBP=0x000070000eb544c8 is pointing into the stack for thread: 0x00007f7ed053ce00
RSI=0x0000000000000041 is an unknown value
RDI=0x0000000107e85000 points into unknown readable memory: 0x0000000000000000 | 00 00 00 00 00 00 00 00
R8 =0x0 is null
R9 =0x0 is null
R10=0x0000000109e53aa0: all_VMRegs+0 in /Applications/Android Studio.app/Contents/jbr/Contents/Home/lib/server/libjvm.dylib at 0x0000000109131000
R11=0x0000000000000808 is an unknown value
R12=0x0 is null
R13=0x0000000107e85000 points into unknown readable memory: 0x0000000000000000 | 00 00 00 00 00 00 00 00
R14=0x0000000000041000 is an unknown value
R15=0x0 is null

Top of Stack: (sp=0x000070000eb54478)
0x000070000eb54478:   0000000000000002 000070000eb544b0
0x000070000eb54488:   0000000109518d8c 000000000000007d
0x000070000eb54498:   0000000000000001 0000000000040010
0x000070000eb544a8:   0000000000040010 0000000000000000
0x000070000eb544b8:   0000000107e85000 0000000000000000
0x000070000eb544c8:   000070000eb544f8 00007ff80b399885
0x000070000eb544d8:   0000000000040010 0000000000040010
0x000070000eb544e8:   0000000000000001 00007ff84cce8000
0x000070000eb544f8:   000070000eb54538 00007ff80b3b4abb
0x000070000eb54508:   0000000109e1c230 0000000000040010
0x000070000eb54518:   0000000000000000 0000000000000001
0x000070000eb54528:   000070000eb54588 000000000000000e
0x000070000eb54538:   000070000eb54578 00000001099ea41a
0x000070000eb54548:   0000000109e1c230 0000000000040010
0x000070000eb54558:   0000000109e1c230 0000000000000003
0x000070000eb54568:   0000000000000000 0000000000040000
0x000070000eb54578:   000070000eb545d8 000000010929739f
0x000070000eb54588:   00007f7ed2c52580 00007f7ed295f738
0x000070000eb54598:   000000000000043b 000070000eb545c0
0x000070000eb545a8:   000000010924efb0 0000000000040000
0x000070000eb545b8:   0000000109e1c230 00007f7ed295bc00
0x000070000eb545c8:   000070000eb55f78 0000000000040000
0x000070000eb545d8:   000070000eb54618 0000000109297dfa
0x000070000eb545e8:   0000000000004130 00007f7ed5e44350
0x000070000eb545f8:   00007f7ed295fab8 00007f7ed5e83f40
0x000070000eb54608:   000070000eb55f78 000000000003fbf0
0x000070000eb54618:   000070000eb54658 0000000109297f67
0x000070000eb54628:   0000000000007f80 0000600002740180
0x000070000eb54638:   00007f7ed2b52dc0 00007f7ed2b57040
0x000070000eb54648:   00007f7ed2b52dc0 0000000000008000
0x000070000eb54658:   000070000eb54688 00000001099cbe61
0x000070000eb54668:   00007f7ed2b52e00 0000600002740180 

Instructions: (pc=0x00007ff80b3a3662)
0x00007ff80b3a3562:   fe e8 40 00 00 00 31 c9 48 85 c0 74 06 48 8b 58
0x00007ff80b3a3572:   08 eb 02 31 db 65 8b 04 25 18 00 00 00 f0 41 0f
0x00007ff80b3a3582:   b1 0e 74 08 4c 89 f7 e8 48 75 01 00 48 89 d8 48
0x00007ff80b3a3592:   83 c4 08 5b 41 5e 41 5f 5d c3 90 90 90 90 90 90
0x00007ff80b3a35a2:   90 90 90 90 90 90 44 8b 8f 88 49 00 00 45 31 c0
0x00007ff80b3a35b2:   4d 85 c9 74 44 48 8b 05 d2 20 ec 3f 8a 08 48 89
0x00007ff80b3a35c2:   f0 48 d3 e8 31 d2 49 f7 f1 4c 8b 97 90 49 00 00
0x00007ff80b3a35d2:   89 d1 89 c8 48 8d 3c 40 49 8b 04 fa 48 39 f0 74
0x00007ff80b3a35e2:   14 48 85 c0 74 13 ff c1 44 39 c9 41 0f 44 c8 39
0x00007ff80b3a35f2:   d1 75 df eb 04 4d 8d 04 fa 4c 89 c0 c3 90 90 90
0x00007ff80b3a3602:   90 90 90 90 90 90 90 90 90 90 90 90 55 48 89 e5
0x00007ff80b3a3612:   41 57 41 56 41 55 41 54 53 48 83 ec 28 41 89 cc
0x00007ff80b3a3622:   41 89 d7 48 89 f3 49 89 fd 80 3d 8a ab 94 41 00
0x00007ff80b3a3632:   0f 85 3a 03 00 00 48 85 db 41 be 01 00 00 00 4c
0x00007ff80b3a3642:   0f 45 f3 48 8b 05 2c 20 ec 3f 8b 00 48 8b 0d 3b
0x00007ff80b3a3652:   20 ec 3f 8b 09 39 c8 0f 4f c8 49 d3 e6 0f 57 c0
0x00007ff80b3a3662:   0f 29 45 c0 80 3d f3 fc 92 41 00 74 0d 4d 3b b5
0x00007ff80b3a3672:   b0 4f 00 00 0f 86 d5 00 00 00 0f 29 45 c0 41 8b
0x00007ff80b3a3682:   85 08 40 00 00 8d 14 00 81 e2 00 00 00 40 09 c2
0x00007ff80b3a3692:   41 0f b6 f7 4c 89 f7 b9 03 00 00 00 e8 29 f7 ff
0x00007ff80b3a36a2:   ff 48 85 c0 0f 84 73 04 00 00 49 89 c7 4d 8d a5
0x00007ff80b3a36b2:   80 49 00 00 65 8b 0c 25 18 00 00 00 31 c0 f0 41
0x00007ff80b3a36c2:   0f b1 8d 80 49 00 00 74 0d 4c 89 e7 be 00 00 05
0x00007ff80b3a36d2:   00 e8 f8 73 01 00 41 8b 85 84 49 00 00 41 8b b5
0x00007ff80b3a36e2:   88 49 00 00 8d 04 85 04 00 00 00 39 f0 76 1c 48
0x00007ff80b3a36f2:   8d 75 c0 4c 89 ef e8 5c 04 00 00 48 85 c0 0f 84
0x00007ff80b3a3702:   f3 01 00 00 41 8b b5 88 49 00 00 48 8b 05 7c 1f
0x00007ff80b3a3712:   ec 3f 8a 08 4c 89 f8 48 d3 e8 89 f1 45 31 c0 31
0x00007ff80b3a3722:   d2 48 f7 f1 49 8b 85 90 49 00 00 89 d7 89 fb 48
0x00007ff80b3a3732:   8d 0c 5b 48 83 3c c8 00 0f 84 c1 00 00 00 ff c7
0x00007ff80b3a3742:   39 f7 41 0f 44 f8 39 d7 75 e3 e9 c8 00 00 00 44
0x00007ff80b3a3752:   89 65 b8 4d 8d 95 80 49 00 00 65 8b 0c 25 18 00 


Stack slot to memory mapping:

stack at sp + 0 slots: 0x0000000000000002 is an unknown value
stack at sp + 1 slots: 0x000070000eb544b0 is pointing into the stack for thread: 0x00007f7ed053ce00
stack at sp + 2 slots: 0x0000000109518d8c: _ZN5State3DFAEiPK4Node+0x86c in /Applications/Android Studio.app/Contents/jbr/Contents/Home/lib/server/libjvm.dylib at 0x0000000109131000
stack at sp + 3 slots: 0x000000000000007d is an unknown value
stack at sp + 4 slots: 0x0000000000000001 is an unknown value
stack at sp + 5 slots: 0x0000000000040010 is an unknown value
stack at sp + 6 slots: 0x0000000000040010 is an unknown value
stack at sp + 7 slots: 0x0 is null


---------------  P R O C E S S  ---------------

Threads class SMR info:
_java_thread_list=0x0000600002992980, length=97, elements={
0x00007f7ed2808200, 0x00007f7ed002b600, 0x00007f7ed001a800, 0x00007f7ed0027e00,
0x00007f7ed3829000, 0x00007f7ed3829800, 0x00007f7ed382a000, 0x00007f7ed3852e00,
0x00007f7ed3853600, 0x00007f7ecf80b000, 0x00007f7ed49a5600, 0x00007f7ed1daf400,
0x00007f7ed1dc4200, 0x00007f7ed1381800, 0x00007f7ed1dc4a00, 0x00007f7ed217c400,
0x00007f7ed3b72000, 0x00007f7ed2146c00, 0x00007f7ed217ba00, 0x00007f7ed217cc00,
0x00007f7ed296bc00, 0x00007f7ed4b94a00, 0x00007f7ed0358200, 0x00007f7ed1dd1800,
0x00007f7ed3c76000, 0x00007f7ecf875800, 0x00007f7ed49a6600, 0x00007f7ed4bf6600,
0x00007f7ed281a800, 0x00007f7ed049ea00, 0x00007f7ed1f42600, 0x00007f7ed227b800,
0x00007f7ecfe59800, 0x00007f7ed2263800, 0x00007f7ed227ca00, 0x00007f7ed3cafe00,
0x00007f7ed2b13c00, 0x00007f7ed29c5600, 0x00007f7ed4ea5600, 0x00007f7ed4e5ba00,
0x00007f7ed3cac000, 0x00007f7ecfa4e200, 0x00007f7ecfa4ea00, 0x00007f7ed024a400,
0x00007f7ed2dbf400, 0x00007f7ed29cca00, 0x00007f7ed0470400, 0x00007f7ed19ed200,
0x00007f7ecfd92200, 0x00007f7ed4dd7800, 0x00007f7ed19eda00, 0x00007f7ed19ee200,
0x00007f7ecfe85000, 0x00007f7ecfe85800, 0x00007f7ed19eea00, 0x00007f7ed19ef200,
0x00007f7ed046fc00, 0x00007f7ed3e2ac00, 0x00007f7ed00e7000, 0x00007f7ed21fe200,
0x00007f7ed170c600, 0x00007f7ed4e59e00, 0x00007f7ed2cf4c00, 0x00007f7ed4ccf600,
0x00007f7ed4ccd000, 0x00007f7ed060ee00, 0x00007f7ecfd53200, 0x00007f7ecfd89e00,
0x00007f7ecfd50600, 0x00007f7ecfd50e00, 0x00007f7ed4ccd800, 0x00007f7ed4d10e00,
0x00007f7ed4d11600, 0x00007f7ed2b23a00, 0x00007f7ed4ad1c00, 0x00007f7ed0610800,
0x00007f7ed1f8de00, 0x00007f7ed2285600, 0x00007f7ed1416000, 0x00007f7ed3a85000,
0x00007f7ed05b6200, 0x00007f7ed4b90800, 0x00007f7ed248d400, 0x00007f7ed22eb200,
0x00007f7ed04d2a00, 0x00007f7ed1c13c00, 0x00007f7ed2c12600, 0x00007f7ed386f800,
0x00007f7ecfec7e00, 0x00007f7ed2373800, 0x00007f7ed06d8e00, 0x00007f7ed06d9600,
0x00007f7ed38cfe00, 0x00007f7ed068da00, 0x00007f7ed1eaa200, 0x00007f7ed2c11000,
0x00007f7ed053ce00
}

Java Threads: ( => current thread )
  0x00007f7ed2808200 JavaThread "main"                              [_thread_blocked, id=9987, stack(0x0000700007904000,0x0000700007a04000) (1024K)]
  0x00007f7ed002b600 JavaThread "Common-Cleaner"             daemon [_thread_blocked, id=40195, stack(0x0000700008222000,0x0000700008322000) (1024K)]
  0x00007f7ed001a800 JavaThread "Reference Handler"          daemon [_thread_blocked, id=39939, stack(0x0000700008325000,0x0000700008425000) (1024K)]
  0x00007f7ed0027e00 JavaThread "Finalizer"                  daemon [_thread_blocked, id=24067, stack(0x0000700008428000,0x0000700008528000) (1024K)]
  0x00007f7ed3829000 JavaThread "Signal Dispatcher"          daemon [_thread_blocked, id=39427, stack(0x000070000852b000,0x000070000862b000) (1024K)]
  0x00007f7ed3829800 JavaThread "Service Thread"             daemon [_thread_blocked, id=24579, stack(0x000070000862e000,0x000070000872e000) (1024K)]
  0x00007f7ed382a000 JavaThread "Monitor Deflation Thread"   daemon [_thread_blocked, id=25091, stack(0x0000700008731000,0x0000700008831000) (1024K)]
  0x00007f7ed3852e00 JavaThread "C2 CompilerThread0"         daemon [_thread_in_native, id=39171, stack(0x0000700008834000,0x0000700008934000) (1024K)]
  0x00007f7ed3853600 JavaThread "C1 CompilerThread0"         daemon [_thread_blocked, id=25859, stack(0x0000700008937000,0x0000700008a37000) (1024K)]
  0x00007f7ecf80b000 JavaThread "Notification Thread"        daemon [_thread_blocked, id=38915, stack(0x0000700008a3a000,0x0000700008b3a000) (1024K)]
  0x00007f7ed49a5600 JavaThread "Daemon health stats"               [_thread_blocked, id=27651, stack(0x000070000904c000,0x000070000914c000) (1024K)]
  0x00007f7ed1daf400 JavaThread "Incoming local TCP Connector on port 62452"        [_thread_in_native, id=28163, stack(0x000070000914f000,0x000070000924f000) (1024K)]
  0x00007f7ed1dc4200 JavaThread "Daemon periodic checks"            [_thread_blocked, id=28675, stack(0x0000700009252000,0x0000700009352000) (1024K)]
  0x00007f7ed1381800 JavaThread "Daemon"                            [_thread_blocked, id=28931, stack(0x0000700009355000,0x0000700009455000) (1024K)]
  0x00007f7ed1dc4a00 JavaThread "Handler for socket connection from /127.0.0.1:62452 to /127.0.0.1:62454"        [_thread_in_native, id=36611, stack(0x0000700009458000,0x0000700009558000) (1024K)]
  0x00007f7ed217c400 JavaThread "Cancel handler"                    [_thread_blocked, id=29187, stack(0x000070000955b000,0x000070000965b000) (1024K)]
  0x00007f7ed3b72000 JavaThread "Daemon worker"                     [_thread_in_vm, id=29699, stack(0x000070000965e000,0x000070000975e000) (1024K)]
  0x00007f7ed2146c00 JavaThread "Asynchronous log dispatcher for DefaultDaemonConnection: socket connection from /127.0.0.1:62452 to /127.0.0.1:62454"        [_thread_blocked, id=35075, stack(0x0000700009a6a000,0x0000700009b6a000) (1024K)]
  0x00007f7ed217ba00 JavaThread "Stdin handler"                     [_thread_blocked, id=30979, stack(0x0000700009b6d000,0x0000700009c6d000) (1024K)]
  0x00007f7ed217cc00 JavaThread "Daemon client event forwarder"        [_thread_blocked, id=31491, stack(0x0000700009c70000,0x0000700009d70000) (1024K)]
  0x00007f7ed296bc00 JavaThread "Cache worker for journal cache (/Users/john/.gradle/caches/journal-1)"        [_thread_blocked, id=41223, stack(0x0000700009d73000,0x0000700009e73000) (1024K)]
  0x00007f7ed4b94a00 JavaThread "File lock request listener"        [_thread_in_native, id=34307, stack(0x0000700009e76000,0x0000700009f76000) (1024K)]
  0x00007f7ed0358200 JavaThread "Cache worker for file hash cache (/Users/john/.gradle/caches/9.2.1/fileHashes)"        [_thread_blocked, id=34051, stack(0x0000700009f79000,0x000070000a079000) (1024K)]
  0x00007f7ed1dd1800 JavaThread "Cache worker for file hash cache (/Users/john/develop/rxsoft/android/.gradle/9.2.1/fileHashes)"        [_thread_blocked, id=33539, stack(0x000070000a07c000,0x000070000a17c000) (1024K)]
  0x00007f7ed3c76000 JavaThread "Cache worker for Build Output Cleanup Cache (/Users/john/develop/rxsoft/android/.gradle/buildOutputCleanup)"        [_thread_blocked, id=32003, stack(0x000070000a17f000,0x000070000a27f000) (1024K)]
  0x00007f7ecf875800 JavaThread "File watcher server"        daemon [_thread_in_native, id=32771, stack(0x000070000a385000,0x000070000a485000) (1024K)]
  0x00007f7ed49a6600 JavaThread "File watcher consumer"      daemon [_thread_blocked, id=87043, stack(0x000070000a488000,0x000070000a588000) (1024K)]
  0x00007f7ed4bf6600 JavaThread "jar transforms"                    [_thread_blocked, id=43779, stack(0x000070000a58b000,0x000070000a68b000) (1024K)]
  0x00007f7ed281a800 JavaThread "jar transforms Thread 2"           [_thread_blocked, id=44035, stack(0x000070000a68e000,0x000070000a78e000) (1024K)]
  0x00007f7ed049ea00 JavaThread "jar transforms Thread 3"           [_thread_blocked, id=44291, stack(0x000070000a791000,0x000070000a891000) (1024K)]
  0x00007f7ed1f42600 JavaThread "jar transforms Thread 4"           [_thread_blocked, id=44803, stack(0x000070000a894000,0x000070000a994000) (1024K)]
  0x00007f7ed227b800 JavaThread "jar transforms Thread 5"           [_thread_blocked, id=85763, stack(0x000070000a997000,0x000070000aa97000) (1024K)]
  0x00007f7ecfe59800 JavaThread "jar transforms Thread 6"           [_thread_blocked, id=45059, stack(0x000070000aa9a000,0x000070000ab9a000) (1024K)]
  0x00007f7ed2263800 JavaThread "jar transforms Thread 7"           [_thread_blocked, id=84995, stack(0x000070000ab9d000,0x000070000ac9d000) (1024K)]
  0x00007f7ed227ca00 JavaThread "jar transforms Thread 8"           [_thread_blocked, id=45571, stack(0x000070000aca0000,0x000070000ada0000) (1024K)]
  0x00007f7ed3cafe00 JavaThread "Cache worker for checksums cache (/Users/john/develop/rxsoft/android/.gradle/9.2.1/checksums)"        [_thread_blocked, id=45827, stack(0x000070000ada3000,0x000070000aea3000) (1024K)]
  0x00007f7ed2b13c00 JavaThread "Cache worker for file content cache (/Users/john/.gradle/caches/9.2.1/fileContent)"        [_thread_blocked, id=84227, stack(0x000070000aea6000,0x000070000afa6000) (1024K)]
  0x00007f7ed29c5600 JavaThread "Cache worker for cache directory md-supplier (/Users/john/.gradle/caches/9.2.1/md-supplier)"        [_thread_blocked, id=46339, stack(0x000070000afa9000,0x000070000b0a9000) (1024K)]
  0x00007f7ed4ea5600 JavaThread "Cache worker for cache directory md-rule (/Users/john/.gradle/caches/9.2.1/md-rule)"        [_thread_blocked, id=83715, stack(0x000070000b0ac000,0x000070000b1ac000) (1024K)]
  0x00007f7ed4e5ba00 JavaThread "Unconstrained build operations"        [_thread_blocked, id=83459, stack(0x000070000b1af000,0x000070000b2af000) (1024K)]
  0x00007f7ed3cac000 JavaThread "Unconstrained build operations Thread 2"        [_thread_blocked, id=46851, stack(0x000070000b2b2000,0x000070000b3b2000) (1024K)]
  0x00007f7ecfa4e200 JavaThread "Unconstrained build operations Thread 3"        [_thread_blocked, id=82691, stack(0x000070000b3b5000,0x000070000b4b5000) (1024K)]
  0x00007f7ecfa4ea00 JavaThread "Unconstrained build operations Thread 4"        [_thread_blocked, id=47363, stack(0x000070000b4b8000,0x000070000b5b8000) (1024K)]
  0x00007f7ed024a400 JavaThread "Unconstrained build operations Thread 5"        [_thread_blocked, id=47875, stack(0x000070000b5bb000,0x000070000b6bb000) (1024K)]
  0x00007f7ed2dbf400 JavaThread "Unconstrained build operations Thread 6"        [_thread_blocked, id=48131, stack(0x000070000b6be000,0x000070000b7be000) (1024K)]
  0x00007f7ed29cca00 JavaThread "Unconstrained build operations Thread 7"        [_thread_blocked, id=81923, stack(0x000070000b7c1000,0x000070000b8c1000) (1024K)]
  0x00007f7ed0470400 JavaThread "Unconstrained build operations Thread 8"        [_thread_blocked, id=81411, stack(0x000070000b8c4000,0x000070000b9c4000) (1024K)]
  0x00007f7ed19ed200 JavaThread "Unconstrained build operations Thread 9"        [_thread_blocked, id=81155, stack(0x000070000b9c7000,0x000070000bac7000) (1024K)]
  0x00007f7ecfd92200 JavaThread "Unconstrained build operations Thread 10"        [_thread_blocked, id=80899, stack(0x000070000baca000,0x000070000bbca000) (1024K)]
  0x00007f7ed4dd7800 JavaThread "Unconstrained build operations Thread 11"        [_thread_blocked, id=49155, stack(0x000070000bbcd000,0x000070000bccd000) (1024K)]
  0x00007f7ed19eda00 JavaThread "Unconstrained build operations Thread 12"        [_thread_blocked, id=80643, stack(0x000070000bcd0000,0x000070000bdd0000) (1024K)]
  0x00007f7ed19ee200 JavaThread "Unconstrained build operations Thread 13"        [_thread_blocked, id=80131, stack(0x000070000bdd3000,0x000070000bed3000) (1024K)]
  0x00007f7ecfe85000 JavaThread "Unconstrained build operations Thread 14"        [_thread_blocked, id=49667, stack(0x000070000bed6000,0x000070000bfd6000) (1024K)]
  0x00007f7ecfe85800 JavaThread "Unconstrained build operations Thread 15"        [_thread_blocked, id=50179, stack(0x000070000bfd9000,0x000070000c0d9000) (1024K)]
  0x00007f7ed19eea00 JavaThread "Unconstrained build operations Thread 16"        [_thread_blocked, id=50691, stack(0x000070000c0dc000,0x000070000c1dc000) (1024K)]
  0x00007f7ed19ef200 JavaThread "Unconstrained build operations Thread 17"        [_thread_blocked, id=79363, stack(0x000070000c1df000,0x000070000c2df000) (1024K)]
  0x00007f7ed046fc00 JavaThread "Unconstrained build operations Thread 18"        [_thread_blocked, id=79107, stack(0x000070000c2e2000,0x000070000c3e2000) (1024K)]
  0x00007f7ed3e2ac00 JavaThread "Unconstrained build operations Thread 19"        [_thread_blocked, id=78595, stack(0x000070000c3e5000,0x000070000c4e5000) (1024K)]
  0x00007f7ed00e7000 JavaThread "Unconstrained build operations Thread 20"        [_thread_blocked, id=51459, stack(0x000070000c4e8000,0x000070000c5e8000) (1024K)]
  0x00007f7ed21fe200 JavaThread "Unconstrained build operations Thread 21"        [_thread_blocked, id=78083, stack(0x000070000c5eb000,0x000070000c6eb000) (1024K)]
  0x00007f7ed170c600 JavaThread "File lock release action executor Thread 2"        [_thread_blocked, id=52231, stack(0x000070000c6ee000,0x000070000c7ee000) (1024K)]
  0x00007f7ed4e59e00 JavaThread "Unconstrained build operations Thread 22"        [_thread_blocked, id=52739, stack(0x000070000c7f1000,0x000070000c8f1000) (1024K)]
  0x00007f7ed2cf4c00 JavaThread "Unconstrained build operations Thread 23"        [_thread_blocked, id=77827, stack(0x000070000c8f4000,0x000070000c9f4000) (1024K)]
  0x00007f7ed4ccf600 JavaThread "Unconstrained build operations Thread 24"        [_thread_blocked, id=53507, stack(0x000070000c9f7000,0x000070000caf7000) (1024K)]
  0x00007f7ed4ccd000 JavaThread "Unconstrained build operations Thread 25"        [_thread_blocked, id=54019, stack(0x000070000cafa000,0x000070000cbfa000) (1024K)]
  0x00007f7ed060ee00 JavaThread "Unconstrained build operations Thread 26"        [_thread_blocked, id=54275, stack(0x000070000cbfd000,0x000070000ccfd000) (1024K)]
  0x00007f7ecfd53200 JavaThread "Unconstrained build operations Thread 27"        [_thread_blocked, id=54531, stack(0x000070000cd00000,0x000070000ce00000) (1024K)]
  0x00007f7ecfd89e00 JavaThread "Unconstrained build operations Thread 28"        [_thread_blocked, id=55043, stack(0x000070000ce03000,0x000070000cf03000) (1024K)]
  0x00007f7ecfd50600 JavaThread "Unconstrained build operations Thread 29"        [_thread_blocked, id=77059, stack(0x000070000cf06000,0x000070000d006000) (1024K)]
  0x00007f7ecfd50e00 JavaThread "Unconstrained build operations Thread 30"        [_thread_blocked, id=76803, stack(0x000070000d009000,0x000070000d109000) (1024K)]
  0x00007f7ed4ccd800 JavaThread "Unconstrained build operations Thread 31"        [_thread_blocked, id=76547, stack(0x000070000d10c000,0x000070000d20c000) (1024K)]
  0x00007f7ed4d10e00 JavaThread "Unconstrained build operations Thread 32"        [_thread_blocked, id=56323, stack(0x000070000d20f000,0x000070000d30f000) (1024K)]
  0x00007f7ed4d11600 JavaThread "Unconstrained build operations Thread 33"        [_thread_blocked, id=56835, stack(0x000070000d312000,0x000070000d412000) (1024K)]
  0x00007f7ed2b23a00 JavaThread "Unconstrained build operations Thread 34"        [_thread_blocked, id=57347, stack(0x000070000d415000,0x000070000d515000) (1024K)]
  0x00007f7ed4ad1c00 JavaThread "Unconstrained build operations Thread 35"        [_thread_blocked, id=76035, stack(0x000070000d518000,0x000070000d618000) (1024K)]
  0x00007f7ed0610800 JavaThread "Unconstrained build operations Thread 36"        [_thread_blocked, id=75779, stack(0x000070000d61b000,0x000070000d71b000) (1024K)]
  0x00007f7ed1f8de00 JavaThread "Unconstrained build operations Thread 37"        [_thread_blocked, id=58115, stack(0x000070000d71e000,0x000070000d81e000) (1024K)]
  0x00007f7ed2285600 JavaThread "Unconstrained build operations Thread 38"        [_thread_blocked, id=75267, stack(0x000070000d821000,0x000070000d921000) (1024K)]
  0x00007f7ed1416000 JavaThread "Unconstrained build operations Thread 39"        [_thread_blocked, id=75011, stack(0x000070000d924000,0x000070000da24000) (1024K)]
  0x00007f7ed3a85000 JavaThread "Unconstrained build operations Thread 40"        [_thread_blocked, id=58883, stack(0x000070000da27000,0x000070000db27000) (1024K)]
  0x00007f7ed05b6200 JavaThread "Unconstrained build operations Thread 41"        [_thread_blocked, id=74755, stack(0x000070000db2a000,0x000070000dc2a000) (1024K)]
  0x00007f7ed4b90800 JavaThread "Unconstrained build operations Thread 42"        [_thread_blocked, id=59395, stack(0x000070000dc2d000,0x000070000dd2d000) (1024K)]
  0x00007f7ed248d400 JavaThread "Problems report writer"            [_thread_blocked, id=32523, stack(0x000070000a282000,0x000070000a382000) (1024K)]
  0x00007f7ed22eb200 JavaThread "Memory manager"                    [_thread_blocked, id=73987, stack(0x000070000dd30000,0x000070000de30000) (1024K)]
  0x00007f7ed04d2a00 JavaThread "build event listener"              [_thread_blocked, id=59651, stack(0x000070000de33000,0x000070000df33000) (1024K)]
  0x00007f7ed1c13c00 JavaThread "included builds"                   [_thread_blocked, id=73479, stack(0x000070000df36000,0x000070000e036000) (1024K)]
  0x00007f7ed2c12600 JavaThread "Execution worker"                  [_thread_blocked, id=60163, stack(0x000070000e039000,0x000070000e139000) (1024K)]
  0x00007f7ed386f800 JavaThread "Execution worker Thread 2"         [_thread_blocked, id=72963, stack(0x000070000e13c000,0x000070000e23c000) (1024K)]
  0x00007f7ecfec7e00 JavaThread "Execution worker Thread 3"         [_thread_blocked, id=60931, stack(0x000070000e23f000,0x000070000e33f000) (1024K)]
  0x00007f7ed2373800 JavaThread "Execution worker Thread 4"         [_thread_blocked, id=72707, stack(0x000070000e342000,0x000070000e442000) (1024K)]
  0x00007f7ed06d8e00 JavaThread "Execution worker Thread 5"         [_thread_blocked, id=61699, stack(0x000070000e445000,0x000070000e545000) (1024K)]
  0x00007f7ed06d9600 JavaThread "Execution worker Thread 6"         [_thread_blocked, id=72195, stack(0x000070000e548000,0x000070000e648000) (1024K)]
  0x00007f7ed38cfe00 JavaThread "Execution worker Thread 7"         [_thread_blocked, id=61955, stack(0x000070000e64b000,0x000070000e74b000) (1024K)]
  0x00007f7ed068da00 JavaThread "Cache worker for execution history cache (/Users/john/develop/rxsoft/android/.gradle/9.2.1/executionHistory)"        [_thread_blocked, id=71427, stack(0x000070000e74e000,0x000070000e84e000) (1024K)]
  0x00007f7ed1eaa200 JavaThread "idea-tooling-model-converter"        [_thread_blocked, id=71171, stack(0x000070000e851000,0x000070000e951000) (1024K)]
  0x00007f7ed2c11000 JavaThread "Unconstrained build operations Thread 43"        [_thread_blocked, id=70659, stack(0x000070000e954000,0x000070000ea54000) (1024K)]
=>0x00007f7ed053ce00 JavaThread "C2 CompilerThread1"         daemon [_thread_in_native, id=70403, stack(0x000070000ea57000,0x000070000eb57000) (1024K)]
Total: 97

Other Threads:
  0x00007f7ed3505500 VMThread "VM Thread"                           [id=15619, stack(0x0000700008019000,0x0000700008119000) (1024K)]
  0x00007f7ed0b05120 WatcherThread "VM Periodic Task Thread"        [id=12803, stack(0x0000700007f16000,0x0000700008016000) (1024K)]
  0x00007f7ed0807120 WorkerThread "GC Thread#0"                     [id=18947, stack(0x0000700007a07000,0x0000700007b07000) (1024K)]
  0x00007f7ecf70af50 WorkerThread "GC Thread#1"                     [id=38659, stack(0x0000700008b3d000,0x0000700008c3d000) (1024K)]
  0x00007f7ecf70b4c0 WorkerThread "GC Thread#2"                     [id=38403, stack(0x0000700008c40000,0x0000700008d40000) (1024K)]
  0x00007f7ed081a300 WorkerThread "GC Thread#3"                     [id=38147, stack(0x0000700008d43000,0x0000700008e43000) (1024K)]
  0x00007f7ed0b0d970 WorkerThread "GC Thread#4"                     [id=37635, stack(0x0000700008e46000,0x0000700008f46000) (1024K)]
  0x00007f7ed0c0b070 WorkerThread "GC Thread#5"                     [id=27395, stack(0x0000700008f49000,0x0000700009049000) (1024K)]
  0x00007f7ed0a1cb20 WorkerThread "GC Thread#6"                     [id=36099, stack(0x0000700009761000,0x0000700009861000) (1024K)]
  0x00007f7ed5220550 WorkerThread "GC Thread#7"                     [id=30211, stack(0x0000700009864000,0x0000700009964000) (1024K)]
  0x00007f7ed35042b0 ConcurrentGCThread "G1 Main Marker"            [id=18435, stack(0x0000700007b0a000,0x0000700007c0a000) (1024K)]
  0x00007f7ed0807690 WorkerThread "G1 Conc#0"                       [id=17667, stack(0x0000700007c0d000,0x0000700007d0d000) (1024K)]
  0x00007f7ed52208f0 WorkerThread "G1 Conc#1"                       [id=35331, stack(0x0000700009967000,0x0000700009a67000) (1024K)]
  0x00007f7ed10a7800 ConcurrentGCThread "G1 Refine#0"               [id=17411, stack(0x0000700007d10000,0x0000700007e10000) (1024K)]
  0x00007f7ed0c041d0 ConcurrentGCThread "G1 Service"                [id=17155, stack(0x0000700007e13000,0x0000700007f13000) (1024K)]
Total: 15

Threads with active compile tasks:
C2 CompilerThread0  188736 15460 %     4       org.gradle.internal.instantiation.generator.AbstractClassGenerator::inspectType @ 163 (602 bytes)
C2 CompilerThread1  188736 15492 %     4       java.net.URI::quote @ 24 (214 bytes)
Total: 2

VM state: not at safepoint (normal execution)

VM Mutex/Monitor currently owned by a thread: None

Heap address: 0x0000000780000000, size: 2048 MB, Compressed Oops mode: Zero based, Oop shift amount: 3

CDS archive(s) not mapped
Compressed class space mapped at: 0x0000000800000000-0x0000000840000000, reserved size: 1073741824
Narrow klass base: 0x0000000800000000, Narrow klass shift: 0, Narrow klass range: 0x40000000

GC Precious Log:
 CardTable entry size: 512
 Card Set container configuration: InlinePtr #cards 5 size 8 Array Of Cards #cards 12 size 40 Howl #buckets 4 coarsen threshold 1843 Howl Bitmap #cards 512 size 80 coarsen threshold 460 Card regions per heap region 1 cards per card region 2048
 CPUs: 8 total, 8 available
 Memory: 16384M
 Large Page Support: Disabled
 NUMA Support: Disabled
 Compressed Oops: Enabled (Zero based)
 Heap Region Size: 1M
 Heap Min Capacity: 8M
 Heap Initial Capacity: 256M
 Heap Max Capacity: 2G
 Pre-touch: Disabled
 Parallel Workers: 8
 Concurrent Workers: 2
 Concurrent Refinement Workers: 8
 Periodic GC: Disabled

Heap:
 garbage-first heap   total 263168K, used 229908K [0x0000000780000000, 0x0000000800000000)
  region size 1024K, 77 young (78848K), 8 survivors (8192K)
 Metaspace       used 130691K, committed 133120K, reserved 1179648K
  class space    used 18475K, committed 19648K, reserved 1048576K

Heap Regions: E=young(eden), S=young(survivor), O=old, HS=humongous(starts), HC=humongous(continues), CS=collection set, F=free, TAMS=top-at-mark-start, PB=parsable bottom
|   0|0x0000000780000000, 0x0000000780100000, 0x0000000780100000|100%|HS|  |TAMS 0x0000000780000000| PB 0x0000000780000000| Complete 
|   1|0x0000000780100000, 0x0000000780200000, 0x0000000780200000|100%|HC|  |TAMS 0x0000000780100000| PB 0x0000000780100000| Complete 
|   2|0x0000000780200000, 0x0000000780300000, 0x0000000780300000|100%|HC|  |TAMS 0x0000000780200000| PB 0x0000000780200000| Complete 
|   3|0x0000000780300000, 0x0000000780400000, 0x0000000780400000|100%|HC|  |TAMS 0x0000000780300000| PB 0x0000000780300000| Complete 
|   4|0x0000000780400000, 0x0000000780500000, 0x0000000780500000|100%| O|  |TAMS 0x0000000780400000| PB 0x0000000780400000| Untracked 
|   5|0x0000000780500000, 0x00000007805f64b0, 0x0000000780600000| 96%| O|  |TAMS 0x0000000780500000| PB 0x0000000780500000| Untracked 
|   6|0x0000000780600000, 0x0000000780700000, 0x0000000780700000|100%|HS|  |TAMS 0x0000000780600000| PB 0x0000000780600000| Complete 
|   7|0x0000000780700000, 0x0000000780800000, 0x0000000780800000|100%| O|  |TAMS 0x0000000780700000| PB 0x0000000780700000| Untracked 
|   8|0x0000000780800000, 0x0000000780900000, 0x0000000780900000|100%| O|  |TAMS 0x0000000780800000| PB 0x0000000780800000| Untracked 
|   9|0x0000000780900000, 0x0000000780a00000, 0x0000000780a00000|100%| O|  |TAMS 0x0000000780900000| PB 0x0000000780900000| Untracked 
|  10|0x0000000780a00000, 0x0000000780b00000, 0x0000000780b00000|100%| O|  |TAMS 0x0000000780a00000| PB 0x0000000780a00000| Untracked 
|  11|0x0000000780b00000, 0x0000000780c00000, 0x0000000780c00000|100%| O|  |TAMS 0x0000000780b00000| PB 0x0000000780b00000| Untracked 
|  12|0x0000000780c00000, 0x0000000780d00000, 0x0000000780d00000|100%| O|  |TAMS 0x0000000780c00000| PB 0x0000000780c00000| Untracked 
|  13|0x0000000780d00000, 0x0000000780e00000, 0x0000000780e00000|100%| O|  |TAMS 0x0000000780d00000| PB 0x0000000780d00000| Untracked 
|  14|0x0000000780e00000, 0x0000000780f00000, 0x0000000780f00000|100%| O|  |TAMS 0x0000000780e00000| PB 0x0000000780e00000| Untracked 
|  15|0x0000000780f00000, 0x0000000781000000, 0x0000000781000000|100%| O|  |TAMS 0x0000000780f00000| PB 0x0000000780f00000| Untracked 
|  16|0x0000000781000000, 0x0000000781100000, 0x0000000781100000|100%| O|  |TAMS 0x0000000781000000| PB 0x0000000781000000| Untracked 
|  17|0x0000000781100000, 0x0000000781200000, 0x0000000781200000|100%| O|  |TAMS 0x0000000781100000| PB 0x0000000781100000| Untracked 
|  18|0x0000000781200000, 0x0000000781300000, 0x0000000781300000|100%| O|  |TAMS 0x0000000781200000| PB 0x0000000781200000| Untracked 
|  19|0x0000000781300000, 0x0000000781400000, 0x0000000781400000|100%| O|  |TAMS 0x0000000781300000| PB 0x0000000781300000| Untracked 
|  20|0x0000000781400000, 0x0000000781500000, 0x0000000781500000|100%| O|  |TAMS 0x0000000781400000| PB 0x0000000781400000| Untracked 
|  21|0x0000000781500000, 0x0000000781600000, 0x0000000781600000|100%| O|  |TAMS 0x0000000781500000| PB 0x0000000781500000| Untracked 
|  22|0x0000000781600000, 0x0000000781700000, 0x0000000781700000|100%|HS|  |TAMS 0x0000000781600000| PB 0x0000000781600000| Complete 
|  23|0x0000000781700000, 0x0000000781800000, 0x0000000781800000|100%|HC|  |TAMS 0x0000000781700000| PB 0x0000000781700000| Complete 
|  24|0x0000000781800000, 0x0000000781900000, 0x0000000781900000|100%|HC|  |TAMS 0x0000000781800000| PB 0x0000000781800000| Complete 
|  25|0x0000000781900000, 0x0000000781a00000, 0x0000000781a00000|100%|HC|  |TAMS 0x0000000781900000| PB 0x0000000781900000| Complete 
|  26|0x0000000781a00000, 0x0000000781b00000, 0x0000000781b00000|100%|HC|  |TAMS 0x0000000781a00000| PB 0x0000000781a00000| Complete 
|  27|0x0000000781b00000, 0x0000000781c00000, 0x0000000781c00000|100%|HC|  |TAMS 0x0000000781b00000| PB 0x0000000781b00000| Complete 
|  28|0x0000000781c00000, 0x0000000781d00000, 0x0000000781d00000|100%|HS|  |TAMS 0x0000000781c00000| PB 0x0000000781c00000| Complete 
|  29|0x0000000781d00000, 0x0000000781e00000, 0x0000000781e00000|100%|HS|  |TAMS 0x0000000781d00000| PB 0x0000000781d00000| Complete 
|  30|0x0000000781e00000, 0x0000000781f00000, 0x0000000781f00000|100%|HC|  |TAMS 0x0000000781e00000| PB 0x0000000781e00000| Complete 
|  31|0x0000000781f00000, 0x0000000782000000, 0x0000000782000000|100%|HS|  |TAMS 0x0000000781f00000| PB 0x0000000781f00000| Complete 
|  32|0x0000000782000000, 0x0000000782100000, 0x0000000782100000|100%| O|  |TAMS 0x0000000782000000| PB 0x0000000782000000| Untracked 
|  33|0x0000000782100000, 0x0000000782200000, 0x0000000782200000|100%|HS|  |TAMS 0x0000000782100000| PB 0x0000000782100000| Complete 
|  34|0x0000000782200000, 0x0000000782300000, 0x0000000782300000|100%| O|  |TAMS 0x0000000782200000| PB 0x0000000782200000| Untracked 
|  35|0x0000000782300000, 0x0000000782400000, 0x0000000782400000|100%|HS|  |TAMS 0x0000000782300000| PB 0x0000000782300000| Complete 
|  36|0x0000000782400000, 0x0000000782500000, 0x0000000782500000|100%|HC|  |TAMS 0x0000000782400000| PB 0x0000000782400000| Complete 
|  37|0x0000000782500000, 0x0000000782600000, 0x0000000782600000|100%|HC|  |TAMS 0x0000000782500000| PB 0x0000000782500000| Complete 
|  38|0x0000000782600000, 0x0000000782700000, 0x0000000782700000|100%|HC|  |TAMS 0x0000000782600000| PB 0x0000000782600000| Complete 
|  39|0x0000000782700000, 0x0000000782800000, 0x0000000782800000|100%|HC|  |TAMS 0x0000000782700000| PB 0x0000000782700000| Complete 
|  40|0x0000000782800000, 0x0000000782900000, 0x0000000782900000|100%|HC|  |TAMS 0x0000000782800000| PB 0x0000000782800000| Complete 
|  41|0x0000000782900000, 0x0000000782a00000, 0x0000000782a00000|100%|HS|  |TAMS 0x0000000782900000| PB 0x0000000782900000| Complete 
|  42|0x0000000782a00000, 0x0000000782b00000, 0x0000000782b00000|100%|HC|  |TAMS 0x0000000782a00000| PB 0x0000000782a00000| Complete 
|  43|0x0000000782b00000, 0x0000000782c00000, 0x0000000782c00000|100%|HS|  |TAMS 0x0000000782b00000| PB 0x0000000782b00000| Complete 
|  44|0x0000000782c00000, 0x0000000782d00000, 0x0000000782d00000|100%| O|  |TAMS 0x0000000782c00000| PB 0x0000000782c00000| Untracked 
|  45|0x0000000782d00000, 0x0000000782e00000, 0x0000000782e00000|100%| O|  |TAMS 0x0000000782d00000| PB 0x0000000782d00000| Untracked 
|  46|0x0000000782e00000, 0x0000000782f00000, 0x0000000782f00000|100%| O|  |TAMS 0x0000000782e00000| PB 0x0000000782e00000| Untracked 
|  47|0x0000000782f00000, 0x0000000783000000, 0x0000000783000000|100%| O|  |TAMS 0x0000000782f00000| PB 0x0000000782f00000| Untracked 
|  48|0x0000000783000000, 0x0000000783100000, 0x0000000783100000|100%| O|  |TAMS 0x0000000783000000| PB 0x0000000783000000| Untracked 
|  49|0x0000000783100000, 0x0000000783200000, 0x0000000783200000|100%| O|  |TAMS 0x0000000783100000| PB 0x0000000783100000| Untracked 
|  50|0x0000000783200000, 0x0000000783300000, 0x0000000783300000|100%|HS|  |TAMS 0x0000000783200000| PB 0x0000000783200000| Complete 
|  51|0x0000000783300000, 0x0000000783400000, 0x0000000783400000|100%|HC|  |TAMS 0x0000000783300000| PB 0x0000000783300000| Complete 
|  52|0x0000000783400000, 0x0000000783500000, 0x0000000783500000|100%| O|  |TAMS 0x0000000783400000| PB 0x0000000783400000| Untracked 
|  53|0x0000000783500000, 0x0000000783600000, 0x0000000783600000|100%| O|  |TAMS 0x0000000783500000| PB 0x0000000783500000| Untracked 
|  54|0x0000000783600000, 0x0000000783700000, 0x0000000783700000|100%| O|  |TAMS 0x0000000783600000| PB 0x0000000783600000| Untracked 
|  55|0x0000000783700000, 0x0000000783800000, 0x0000000783800000|100%| O|  |TAMS 0x0000000783700000| PB 0x0000000783700000| Untracked 
|  56|0x0000000783800000, 0x0000000783900000, 0x0000000783900000|100%| O|  |TAMS 0x0000000783800000| PB 0x0000000783800000| Untracked 
|  57|0x0000000783900000, 0x0000000783a00000, 0x0000000783a00000|100%| O|Cm|TAMS 0x0000000783900000| PB 0x0000000783900000| Complete 
|  58|0x0000000783a00000, 0x0000000783b00000, 0x0000000783b00000|100%| O|  |TAMS 0x0000000783a00000| PB 0x0000000783a00000| Untracked 
|  59|0x0000000783b00000, 0x0000000783c00000, 0x0000000783c00000|100%| O|  |TAMS 0x0000000783b00000| PB 0x0000000783b00000| Untracked 
|  60|0x0000000783c00000, 0x0000000783d00000, 0x0000000783d00000|100%| O|  |TAMS 0x0000000783c00000| PB 0x0000000783c00000| Untracked 
|  61|0x0000000783d00000, 0x0000000783e00000, 0x0000000783e00000|100%| O|  |TAMS 0x0000000783d00000| PB 0x0000000783d00000| Untracked 
|  62|0x0000000783e00000, 0x0000000783f00000, 0x0000000783f00000|100%| O|  |TAMS 0x0000000783e00000| PB 0x0000000783e00000| Untracked 
|  63|0x0000000783f00000, 0x0000000784000000, 0x0000000784000000|100%| O|  |TAMS 0x0000000783f00000| PB 0x0000000783f00000| Untracked 
|  64|0x0000000784000000, 0x0000000784100000, 0x0000000784100000|100%| O|  |TAMS 0x0000000784000000| PB 0x0000000784000000| Untracked 
|  65|0x0000000784100000, 0x0000000784200000, 0x0000000784200000|100%| O|  |TAMS 0x0000000784100000| PB 0x0000000784100000| Untracked 
|  66|0x0000000784200000, 0x0000000784300000, 0x0000000784300000|100%| O|Cm|TAMS 0x0000000784200000| PB 0x0000000784200000| Complete 
|  67|0x0000000784300000, 0x0000000784400000, 0x0000000784400000|100%|HS|  |TAMS 0x0000000784300000| PB 0x0000000784300000| Complete 
|  68|0x0000000784400000, 0x0000000784500000, 0x0000000784500000|100%| O|  |TAMS 0x0000000784400000| PB 0x0000000784400000| Untracked 
|  69|0x0000000784500000, 0x0000000784600000, 0x0000000784600000|100%| O|  |TAMS 0x0000000784500000| PB 0x0000000784500000| Untracked 
|  70|0x0000000784600000, 0x0000000784700000, 0x0000000784700000|100%| O|  |TAMS 0x0000000784600000| PB 0x0000000784600000| Untracked 
|  71|0x0000000784700000, 0x000000078473e170, 0x0000000784800000| 24%| O|  |TAMS 0x0000000784700000| PB 0x0000000784700000| Untracked 
|  72|0x0000000784800000, 0x0000000784900000, 0x0000000784900000|100%| O|  |TAMS 0x0000000784800000| PB 0x0000000784800000| Untracked 
|  73|0x0000000784900000, 0x0000000784a00000, 0x0000000784a00000|100%| O|  |TAMS 0x0000000784900000| PB 0x0000000784900000| Untracked 
|  74|0x0000000784a00000, 0x0000000784b00000, 0x0000000784b00000|100%| O|  |TAMS 0x0000000784a00000| PB 0x0000000784a00000| Untracked 
|  75|0x0000000784b00000, 0x0000000784c00000, 0x0000000784c00000|100%| O|  |TAMS 0x0000000784b00000| PB 0x0000000784b00000| Untracked 
|  76|0x0000000784c00000, 0x0000000784d00000, 0x0000000784d00000|100%| O|  |TAMS 0x0000000784c00000| PB 0x0000000784c00000| Untracked 
|  77|0x0000000784d00000, 0x0000000784e00000, 0x0000000784e00000|100%| O|Cm|TAMS 0x0000000784d00000| PB 0x0000000784d00000| Complete 
|  78|0x0000000784e00000, 0x0000000784f00000, 0x0000000784f00000|100%| O|  |TAMS 0x0000000784e00000| PB 0x0000000784e00000| Untracked 
|  79|0x0000000784f00000, 0x0000000785000000, 0x0000000785000000|100%| O|  |TAMS 0x0000000784f00000| PB 0x0000000784f00000| Untracked 
|  80|0x0000000785000000, 0x0000000785100000, 0x0000000785100000|100%| O|Cm|TAMS 0x0000000785000000| PB 0x0000000785000000| Complete 
|  81|0x0000000785100000, 0x0000000785200000, 0x0000000785200000|100%| O|  |TAMS 0x0000000785100000| PB 0x0000000785100000| Untracked 
|  82|0x0000000785200000, 0x0000000785300000, 0x0000000785300000|100%| O|  |TAMS 0x0000000785200000| PB 0x0000000785200000| Untracked 
|  83|0x0000000785300000, 0x0000000785400000, 0x0000000785400000|100%| O|  |TAMS 0x0000000785300000| PB 0x0000000785300000| Untracked 
|  84|0x0000000785400000, 0x0000000785500000, 0x0000000785500000|100%| O|  |TAMS 0x0000000785400000| PB 0x0000000785400000| Untracked 
|  85|0x0000000785500000, 0x0000000785600000, 0x0000000785600000|100%| O|  |TAMS 0x0000000785500000| PB 0x0000000785500000| Untracked 
|  86|0x0000000785600000, 0x0000000785700000, 0x0000000785700000|100%| O|  |TAMS 0x0000000785600000| PB 0x0000000785600000| Untracked 
|  87|0x0000000785700000, 0x0000000785800000, 0x0000000785800000|100%| O|  |TAMS 0x0000000785700000| PB 0x0000000785700000| Untracked 
|  88|0x0000000785800000, 0x0000000785900000, 0x0000000785900000|100%| O|  |TAMS 0x0000000785800000| PB 0x0000000785800000| Untracked 
|  89|0x0000000785900000, 0x0000000785a00000, 0x0000000785a00000|100%|HS|  |TAMS 0x0000000785900000| PB 0x0000000785900000| Complete 
|  90|0x0000000785a00000, 0x0000000785b00000, 0x0000000785b00000|100%|HS|  |TAMS 0x0000000785a00000| PB 0x0000000785a00000| Complete 
|  91|0x0000000785b00000, 0x0000000785c00000, 0x0000000785c00000|100%|HC|  |TAMS 0x0000000785b00000| PB 0x0000000785b00000| Complete 
|  92|0x0000000785c00000, 0x0000000785d00000, 0x0000000785d00000|100%|HS|  |TAMS 0x0000000785c00000| PB 0x0000000785c00000| Complete 
|  93|0x0000000785d00000, 0x0000000785e00000, 0x0000000785e00000|100%| O|  |TAMS 0x0000000785d00000| PB 0x0000000785d00000| Untracked 
|  94|0x0000000785e00000, 0x0000000785f00000, 0x0000000785f00000|100%| O|  |TAMS 0x0000000785e00000| PB 0x0000000785e00000| Untracked 
|  95|0x0000000785f00000, 0x0000000786000000, 0x0000000786000000|100%|HS|  |TAMS 0x0000000785f00000| PB 0x0000000785f00000| Complete 
|  96|0x0000000786000000, 0x0000000786100000, 0x0000000786100000|100%|HC|  |TAMS 0x0000000786000000| PB 0x0000000786000000| Complete 
|  97|0x0000000786100000, 0x0000000786200000, 0x0000000786200000|100%|HS|  |TAMS 0x0000000786100000| PB 0x0000000786100000| Complete 
|  98|0x0000000786200000, 0x0000000786300000, 0x0000000786300000|100%|HS|  |TAMS 0x0000000786200000| PB 0x0000000786200000| Complete 
|  99|0x0000000786300000, 0x0000000786400000, 0x0000000786400000|100%| O|  |TAMS 0x0000000786300000| PB 0x0000000786300000| Untracked 
| 100|0x0000000786400000, 0x0000000786500000, 0x0000000786500000|100%| O|  |TAMS 0x0000000786400000| PB 0x0000000786400000| Untracked 
| 101|0x0000000786500000, 0x0000000786600000, 0x0000000786600000|100%|HS|  |TAMS 0x0000000786500000| PB 0x0000000786500000| Complete 
| 102|0x0000000786600000, 0x0000000786700000, 0x0000000786700000|100%|HC|  |TAMS 0x0000000786600000| PB 0x0000000786600000| Complete 
| 103|0x0000000786700000, 0x0000000786800000, 0x0000000786800000|100%|HC|  |TAMS 0x0000000786700000| PB 0x0000000786700000| Complete 
| 104|0x0000000786800000, 0x0000000786900000, 0x0000000786900000|100%| O|Cm|TAMS 0x0000000786800000| PB 0x0000000786800000| Complete 
| 105|0x0000000786900000, 0x0000000786a00000, 0x0000000786a00000|100%| O|  |TAMS 0x0000000786900000| PB 0x0000000786900000| Untracked 
| 106|0x0000000786a00000, 0x0000000786b00000, 0x0000000786b00000|100%| O|  |TAMS 0x0000000786a00000| PB 0x0000000786a00000| Untracked 
| 107|0x0000000786b00000, 0x0000000786c00000, 0x0000000786c00000|100%| O|  |TAMS 0x0000000786b00000| PB 0x0000000786b00000| Untracked 
| 108|0x0000000786c00000, 0x0000000786d00000, 0x0000000786d00000|100%|HS|  |TAMS 0x0000000786c00000| PB 0x0000000786c00000| Complete 
| 109|0x0000000786d00000, 0x0000000786e00000, 0x0000000786e00000|100%| O|  |TAMS 0x0000000786d00000| PB 0x0000000786d00000| Untracked 
| 110|0x0000000786e00000, 0x0000000786f00000, 0x0000000786f00000|100%| O|  |TAMS 0x0000000786e00000| PB 0x0000000786e00000| Untracked 
| 111|0x0000000786f00000, 0x0000000787000000, 0x0000000787000000|100%| O|  |TAMS 0x0000000786f00000| PB 0x0000000786f00000| Untracked 
| 112|0x0000000787000000, 0x0000000787100000, 0x0000000787100000|100%| O|  |TAMS 0x0000000787000000| PB 0x0000000787000000| Untracked 
| 113|0x0000000787100000, 0x0000000787200000, 0x0000000787200000|100%|HS|  |TAMS 0x0000000787100000| PB 0x0000000787100000| Complete 
| 114|0x0000000787200000, 0x0000000787300000, 0x0000000787300000|100%| O|  |TAMS 0x0000000787200000| PB 0x0000000787200000| Untracked 
| 115|0x0000000787300000, 0x0000000787400000, 0x0000000787400000|100%|HS|  |TAMS 0x0000000787300000| PB 0x0000000787300000| Complete 
| 116|0x0000000787400000, 0x0000000787500000, 0x0000000787500000|100%|HC|  |TAMS 0x0000000787400000| PB 0x0000000787400000| Complete 
| 117|0x0000000787500000, 0x0000000787600000, 0x0000000787600000|100%|HC|  |TAMS 0x0000000787500000| PB 0x0000000787500000| Complete 
| 118|0x0000000787600000, 0x0000000787700000, 0x0000000787700000|100%| O|  |TAMS 0x0000000787600000| PB 0x0000000787600000| Untracked 
| 119|0x0000000787700000, 0x0000000787800000, 0x0000000787800000|100%| O|  |TAMS 0x0000000787700000| PB 0x0000000787700000| Untracked 
| 120|0x0000000787800000, 0x0000000787900000, 0x0000000787900000|100%| O|  |TAMS 0x0000000787800000| PB 0x0000000787800000| Untracked 
| 121|0x0000000787900000, 0x0000000787a00000, 0x0000000787a00000|100%|HS|  |TAMS 0x0000000787900000| PB 0x0000000787900000| Complete 
| 122|0x0000000787a00000, 0x0000000787b00000, 0x0000000787b00000|100%|HC|  |TAMS 0x0000000787a00000| PB 0x0000000787a00000| Complete 
| 123|0x0000000787b00000, 0x0000000787c00000, 0x0000000787c00000|100%| O|  |TAMS 0x0000000787b00000| PB 0x0000000787b00000| Untracked 
| 124|0x0000000787c00000, 0x0000000787d00000, 0x0000000787d00000|100%| O|  |TAMS 0x0000000787c00000| PB 0x0000000787c00000| Untracked 
| 125|0x0000000787d00000, 0x0000000787e00000, 0x0000000787e00000|100%| O|  |TAMS 0x0000000787d00000| PB 0x0000000787d00000| Untracked 
| 126|0x0000000787e00000, 0x0000000787f00000, 0x0000000787f00000|100%| O|  |TAMS 0x0000000787e00000| PB 0x0000000787e00000| Untracked 
| 127|0x0000000787f00000, 0x0000000788000000, 0x0000000788000000|100%| O|  |TAMS 0x0000000787f00000| PB 0x0000000787f00000| Untracked 
| 128|0x0000000788000000, 0x0000000788100000, 0x0000000788100000|100%| O|  |TAMS 0x0000000788000000| PB 0x0000000788000000| Untracked 
| 129|0x0000000788100000, 0x0000000788200000, 0x0000000788200000|100%| O|  |TAMS 0x0000000788100000| PB 0x0000000788100000| Untracked 
| 130|0x0000000788200000, 0x0000000788300000, 0x0000000788300000|100%| O|  |TAMS 0x0000000788200000| PB 0x0000000788200000| Untracked 
| 131|0x0000000788300000, 0x0000000788400000, 0x0000000788400000|100%| O|  |TAMS 0x0000000788300000| PB 0x0000000788300000| Untracked 
| 132|0x0000000788400000, 0x0000000788500000, 0x0000000788500000|100%|HS|  |TAMS 0x0000000788400000| PB 0x0000000788400000| Complete 
| 133|0x0000000788500000, 0x0000000788600000, 0x0000000788600000|100%| O|  |TAMS 0x0000000788500000| PB 0x0000000788500000| Untracked 
| 134|0x0000000788600000, 0x0000000788700000, 0x0000000788700000|100%| O|  |TAMS 0x0000000788600000| PB 0x0000000788600000| Untracked 
| 135|0x0000000788700000, 0x0000000788800000, 0x0000000788800000|100%|HS|  |TAMS 0x0000000788700000| PB 0x0000000788700000| Complete 
| 136|0x0000000788800000, 0x0000000788800000, 0x0000000788900000|  0%| F|  |TAMS 0x0000000788800000| PB 0x0000000788800000| Untracked 
| 137|0x0000000788900000, 0x0000000788900000, 0x0000000788a00000|  0%| F|  |TAMS 0x0000000788900000| PB 0x0000000788900000| Untracked 
| 138|0x0000000788a00000, 0x0000000788a00000, 0x0000000788b00000|  0%| F|  |TAMS 0x0000000788a00000| PB 0x0000000788a00000| Untracked 
| 139|0x0000000788b00000, 0x0000000788b00000, 0x0000000788c00000|  0%| F|  |TAMS 0x0000000788b00000| PB 0x0000000788b00000| Untracked 
| 140|0x0000000788c00000, 0x0000000788c00000, 0x0000000788d00000|  0%| F|  |TAMS 0x0000000788c00000| PB 0x0000000788c00000| Untracked 
| 141|0x0000000788d00000, 0x0000000788d00000, 0x0000000788e00000|  0%| F|  |TAMS 0x0000000788d00000| PB 0x0000000788d00000| Untracked 
| 142|0x0000000788e00000, 0x0000000788e00000, 0x0000000788f00000|  0%| F|  |TAMS 0x0000000788e00000| PB 0x0000000788e00000| Untracked 
| 143|0x0000000788f00000, 0x0000000788f00000, 0x0000000789000000|  0%| F|  |TAMS 0x0000000788f00000| PB 0x0000000788f00000| Untracked 
| 144|0x0000000789000000, 0x0000000789000000, 0x0000000789100000|  0%| F|  |TAMS 0x0000000789000000| PB 0x0000000789000000| Untracked 
| 145|0x0000000789100000, 0x0000000789100000, 0x0000000789200000|  0%| F|  |TAMS 0x0000000789100000| PB 0x0000000789100000| Untracked 
| 146|0x0000000789200000, 0x0000000789300000, 0x0000000789300000|100%| O|  |TAMS 0x0000000789200000| PB 0x0000000789200000| Untracked 
| 147|0x0000000789300000, 0x0000000789400000, 0x0000000789400000|100%| O|  |TAMS 0x0000000789300000| PB 0x0000000789300000| Untracked 
| 148|0x0000000789400000, 0x0000000789500000, 0x0000000789500000|100%| O|  |TAMS 0x0000000789400000| PB 0x0000000789400000| Untracked 
| 149|0x0000000789500000, 0x0000000789600000, 0x0000000789600000|100%| O|  |TAMS 0x0000000789500000| PB 0x0000000789500000| Untracked 
| 150|0x0000000789600000, 0x0000000789700000, 0x0000000789700000|100%| O|  |TAMS 0x0000000789600000| PB 0x0000000789600000| Untracked 
| 151|0x0000000789700000, 0x0000000789700000, 0x0000000789800000|  0%| F|  |TAMS 0x0000000789700000| PB 0x0000000789700000| Untracked 
| 152|0x0000000789800000, 0x0000000789800000, 0x0000000789900000|  0%| F|  |TAMS 0x0000000789800000| PB 0x0000000789800000| Untracked 
| 153|0x0000000789900000, 0x0000000789900000, 0x0000000789a00000|  0%| F|  |TAMS 0x0000000789900000| PB 0x0000000789900000| Untracked 
| 154|0x0000000789a00000, 0x0000000789a00000, 0x0000000789b00000|  0%| F|  |TAMS 0x0000000789a00000| PB 0x0000000789a00000| Untracked 
| 155|0x0000000789b00000, 0x0000000789b00000, 0x0000000789c00000|  0%| F|  |TAMS 0x0000000789b00000| PB 0x0000000789b00000| Untracked 
| 156|0x0000000789c00000, 0x0000000789c00000, 0x0000000789d00000|  0%| F|  |TAMS 0x0000000789c00000| PB 0x0000000789c00000| Untracked 
| 157|0x0000000789d00000, 0x0000000789d00000, 0x0000000789e00000|  0%| F|  |TAMS 0x0000000789d00000| PB 0x0000000789d00000| Untracked 
| 158|0x0000000789e00000, 0x0000000789e00000, 0x0000000789f00000|  0%| F|  |TAMS 0x0000000789e00000| PB 0x0000000789e00000| Untracked 
| 159|0x0000000789f00000, 0x0000000789f00000, 0x000000078a000000|  0%| F|  |TAMS 0x0000000789f00000| PB 0x0000000789f00000| Untracked 
| 160|0x000000078a000000, 0x000000078a000000, 0x000000078a100000|  0%| F|  |TAMS 0x000000078a000000| PB 0x000000078a000000| Untracked 
| 161|0x000000078a100000, 0x000000078a100000, 0x000000078a200000|  0%| F|  |TAMS 0x000000078a100000| PB 0x000000078a100000| Untracked 
| 162|0x000000078a200000, 0x000000078a200000, 0x000000078a300000|  0%| F|  |TAMS 0x000000078a200000| PB 0x000000078a200000| Untracked 
| 163|0x000000078a300000, 0x000000078a300000, 0x000000078a400000|  0%| F|  |TAMS 0x000000078a300000| PB 0x000000078a300000| Untracked 
| 164|0x000000078a400000, 0x000000078a400000, 0x000000078a500000|  0%| F|  |TAMS 0x000000078a400000| PB 0x000000078a400000| Untracked 
| 165|0x000000078a500000, 0x000000078a550c40, 0x000000078a600000| 31%| S|CS|TAMS 0x000000078a500000| PB 0x000000078a500000| Complete 
| 166|0x000000078a600000, 0x000000078a700000, 0x000000078a700000|100%| S|CS|TAMS 0x000000078a600000| PB 0x000000078a600000| Complete 
| 167|0x000000078a700000, 0x000000078a800000, 0x000000078a800000|100%| S|CS|TAMS 0x000000078a700000| PB 0x000000078a700000| Complete 
| 168|0x000000078a800000, 0x000000078a900000, 0x000000078a900000|100%| S|CS|TAMS 0x000000078a800000| PB 0x000000078a800000| Complete 
| 169|0x000000078a900000, 0x000000078aa00000, 0x000000078aa00000|100%| S|CS|TAMS 0x000000078a900000| PB 0x000000078a900000| Complete 
| 170|0x000000078aa00000, 0x000000078ab00000, 0x000000078ab00000|100%| S|CS|TAMS 0x000000078aa00000| PB 0x000000078aa00000| Complete 
| 171|0x000000078ab00000, 0x000000078ac00000, 0x000000078ac00000|100%| S|CS|TAMS 0x000000078ab00000| PB 0x000000078ab00000| Complete 
| 172|0x000000078ac00000, 0x000000078ad00000, 0x000000078ad00000|100%| S|CS|TAMS 0x000000078ac00000| PB 0x000000078ac00000| Complete 
| 173|0x000000078ad00000, 0x000000078ad00000, 0x000000078ae00000|  0%| F|  |TAMS 0x000000078ad00000| PB 0x000000078ad00000| Untracked 
| 174|0x000000078ae00000, 0x000000078ae00000, 0x000000078af00000|  0%| F|  |TAMS 0x000000078ae00000| PB 0x000000078ae00000| Untracked 
| 175|0x000000078af00000, 0x000000078af00000, 0x000000078b000000|  0%| F|  |TAMS 0x000000078af00000| PB 0x000000078af00000| Untracked 
| 176|0x000000078b000000, 0x000000078b000000, 0x000000078b100000|  0%| F|  |TAMS 0x000000078b000000| PB 0x000000078b000000| Untracked 
| 177|0x000000078b100000, 0x000000078b100000, 0x000000078b200000|  0%| F|  |TAMS 0x000000078b100000| PB 0x000000078b100000| Untracked 
| 178|0x000000078b200000, 0x000000078b300000, 0x000000078b300000|100%| E|  |TAMS 0x000000078b200000| PB 0x000000078b200000| Complete 
| 179|0x000000078b300000, 0x000000078b400000, 0x000000078b400000|100%| E|CS|TAMS 0x000000078b300000| PB 0x000000078b300000| Complete 
| 180|0x000000078b400000, 0x000000078b500000, 0x000000078b500000|100%| E|CS|TAMS 0x000000078b400000| PB 0x000000078b400000| Complete 
| 181|0x000000078b500000, 0x000000078b600000, 0x000000078b600000|100%| E|CS|TAMS 0x000000078b500000| PB 0x000000078b500000| Complete 
| 182|0x000000078b600000, 0x000000078b700000, 0x000000078b700000|100%| E|CS|TAMS 0x000000078b600000| PB 0x000000078b600000| Complete 
| 183|0x000000078b700000, 0x000000078b800000, 0x000000078b800000|100%| E|CS|TAMS 0x000000078b700000| PB 0x000000078b700000| Complete 
| 184|0x000000078b800000, 0x000000078b900000, 0x000000078b900000|100%| E|CS|TAMS 0x000000078b800000| PB 0x000000078b800000| Complete 
| 185|0x000000078b900000, 0x000000078ba00000, 0x000000078ba00000|100%| E|CS|TAMS 0x000000078b900000| PB 0x000000078b900000| Complete 
| 186|0x000000078ba00000, 0x000000078bb00000, 0x000000078bb00000|100%| E|CS|TAMS 0x000000078ba00000| PB 0x000000078ba00000| Complete 
| 187|0x000000078bb00000, 0x000000078bc00000, 0x000000078bc00000|100%| E|CS|TAMS 0x000000078bb00000| PB 0x000000078bb00000| Complete 
| 188|0x000000078bc00000, 0x000000078bd00000, 0x000000078bd00000|100%| E|CS|TAMS 0x000000078bc00000| PB 0x000000078bc00000| Complete 
| 189|0x000000078bd00000, 0x000000078be00000, 0x000000078be00000|100%| E|CS|TAMS 0x000000078bd00000| PB 0x000000078bd00000| Complete 
| 190|0x000000078be00000, 0x000000078bf00000, 0x000000078bf00000|100%| E|CS|TAMS 0x000000078be00000| PB 0x000000078be00000| Complete 
| 191|0x000000078bf00000, 0x000000078c000000, 0x000000078c000000|100%| E|CS|TAMS 0x000000078bf00000| PB 0x000000078bf00000| Complete 
| 192|0x000000078c000000, 0x000000078c100000, 0x000000078c100000|100%| E|  |TAMS 0x000000078c000000| PB 0x000000078c000000| Complete 
| 193|0x000000078c100000, 0x000000078c200000, 0x000000078c200000|100%| E|CS|TAMS 0x000000078c100000| PB 0x000000078c100000| Complete 
| 194|0x000000078c200000, 0x000000078c300000, 0x000000078c300000|100%| E|CS|TAMS 0x000000078c200000| PB 0x000000078c200000| Complete 
| 195|0x000000078c300000, 0x000000078c400000, 0x000000078c400000|100%| E|CS|TAMS 0x000000078c300000| PB 0x000000078c300000| Complete 
| 196|0x000000078c400000, 0x000000078c500000, 0x000000078c500000|100%| E|CS|TAMS 0x000000078c400000| PB 0x000000078c400000| Complete 
| 197|0x000000078c500000, 0x000000078c600000, 0x000000078c600000|100%| E|CS|TAMS 0x000000078c500000| PB 0x000000078c500000| Complete 
| 198|0x000000078c600000, 0x000000078c700000, 0x000000078c700000|100%| E|CS|TAMS 0x000000078c600000| PB 0x000000078c600000| Complete 
| 199|0x000000078c700000, 0x000000078c800000, 0x000000078c800000|100%| E|CS|TAMS 0x000000078c700000| PB 0x000000078c700000| Complete 
| 200|0x000000078c800000, 0x000000078c900000, 0x000000078c900000|100%| E|CS|TAMS 0x000000078c800000| PB 0x000000078c800000| Complete 
| 201|0x000000078c900000, 0x000000078ca00000, 0x000000078ca00000|100%| E|CS|TAMS 0x000000078c900000| PB 0x000000078c900000| Complete 
| 202|0x000000078ca00000, 0x000000078cb00000, 0x000000078cb00000|100%| E|CS|TAMS 0x000000078ca00000| PB 0x000000078ca00000| Complete 
| 203|0x000000078cb00000, 0x000000078cc00000, 0x000000078cc00000|100%| E|CS|TAMS 0x000000078cb00000| PB 0x000000078cb00000| Complete 
| 204|0x000000078cc00000, 0x000000078cd00000, 0x000000078cd00000|100%| E|CS|TAMS 0x000000078cc00000| PB 0x000000078cc00000| Complete 
| 205|0x000000078cd00000, 0x000000078ce00000, 0x000000078ce00000|100%| E|CS|TAMS 0x000000078cd00000| PB 0x000000078cd00000| Complete 
| 206|0x000000078ce00000, 0x000000078cf00000, 0x000000078cf00000|100%| E|CS|TAMS 0x000000078ce00000| PB 0x000000078ce00000| Complete 
| 207|0x000000078cf00000, 0x000000078d000000, 0x000000078d000000|100%| E|CS|TAMS 0x000000078cf00000| PB 0x000000078cf00000| Complete 
| 208|0x000000078d000000, 0x000000078d100000, 0x000000078d100000|100%| E|CS|TAMS 0x000000078d000000| PB 0x000000078d000000| Complete 
| 209|0x000000078d100000, 0x000000078d200000, 0x000000078d200000|100%| E|CS|TAMS 0x000000078d100000| PB 0x000000078d100000| Complete 
| 210|0x000000078d200000, 0x000000078d300000, 0x000000078d300000|100%| E|CS|TAMS 0x000000078d200000| PB 0x000000078d200000| Complete 
| 211|0x000000078d300000, 0x000000078d400000, 0x000000078d400000|100%| E|CS|TAMS 0x000000078d300000| PB 0x000000078d300000| Complete 
| 212|0x000000078d400000, 0x000000078d500000, 0x000000078d500000|100%| E|CS|TAMS 0x000000078d400000| PB 0x000000078d400000| Complete 
| 213|0x000000078d500000, 0x000000078d600000, 0x000000078d600000|100%| E|CS|TAMS 0x000000078d500000| PB 0x000000078d500000| Complete 
| 214|0x000000078d600000, 0x000000078d700000, 0x000000078d700000|100%| E|CS|TAMS 0x000000078d600000| PB 0x000000078d600000| Complete 
| 215|0x000000078d700000, 0x000000078d800000, 0x000000078d800000|100%| E|CS|TAMS 0x000000078d700000| PB 0x000000078d700000| Complete 
| 216|0x000000078d800000, 0x000000078d900000, 0x000000078d900000|100%| E|CS|TAMS 0x000000078d800000| PB 0x000000078d800000| Complete 
| 217|0x000000078d900000, 0x000000078da00000, 0x000000078da00000|100%| E|CS|TAMS 0x000000078d900000| PB 0x000000078d900000| Complete 
| 218|0x000000078da00000, 0x000000078db00000, 0x000000078db00000|100%| E|CS|TAMS 0x000000078da00000| PB 0x000000078da00000| Complete 
| 219|0x000000078db00000, 0x000000078dc00000, 0x000000078dc00000|100%| E|CS|TAMS 0x000000078db00000| PB 0x000000078db00000| Complete 
| 220|0x000000078dc00000, 0x000000078dd00000, 0x000000078dd00000|100%| E|CS|TAMS 0x000000078dc00000| PB 0x000000078dc00000| Complete 
| 221|0x000000078dd00000, 0x000000078de00000, 0x000000078de00000|100%| E|CS|TAMS 0x000000078dd00000| PB 0x000000078dd00000| Complete 
| 222|0x000000078de00000, 0x000000078df00000, 0x000000078df00000|100%| E|CS|TAMS 0x000000078de00000| PB 0x000000078de00000| Complete 
| 223|0x000000078df00000, 0x000000078e000000, 0x000000078e000000|100%| E|CS|TAMS 0x000000078df00000| PB 0x000000078df00000| Complete 
| 224|0x000000078e000000, 0x000000078e100000, 0x000000078e100000|100%| E|CS|TAMS 0x000000078e000000| PB 0x000000078e000000| Complete 
| 225|0x000000078e100000, 0x000000078e200000, 0x000000078e200000|100%| E|CS|TAMS 0x000000078e100000| PB 0x000000078e100000| Complete 
| 226|0x000000078e200000, 0x000000078e300000, 0x000000078e300000|100%| E|CS|TAMS 0x000000078e200000| PB 0x000000078e200000| Complete 
| 227|0x000000078e300000, 0x000000078e400000, 0x000000078e400000|100%| E|CS|TAMS 0x000000078e300000| PB 0x000000078e300000| Complete 
| 228|0x000000078e400000, 0x000000078e500000, 0x000000078e500000|100%| E|CS|TAMS 0x000000078e400000| PB 0x000000078e400000| Complete 
| 229|0x000000078e500000, 0x000000078e600000, 0x000000078e600000|100%| E|CS|TAMS 0x000000078e500000| PB 0x000000078e500000| Complete 
| 230|0x000000078e600000, 0x000000078e700000, 0x000000078e700000|100%| E|CS|TAMS 0x000000078e600000| PB 0x000000078e600000| Complete 
| 231|0x000000078e700000, 0x000000078e800000, 0x000000078e800000|100%| E|CS|TAMS 0x000000078e700000| PB 0x000000078e700000| Complete 
| 232|0x000000078e800000, 0x000000078e900000, 0x000000078e900000|100%| E|CS|TAMS 0x000000078e800000| PB 0x000000078e800000| Complete 
| 233|0x000000078e900000, 0x000000078ea00000, 0x000000078ea00000|100%| E|CS|TAMS 0x000000078e900000| PB 0x000000078e900000| Complete 
| 234|0x000000078ea00000, 0x000000078eb00000, 0x000000078eb00000|100%| E|CS|TAMS 0x000000078ea00000| PB 0x000000078ea00000| Complete 
| 235|0x000000078eb00000, 0x000000078ec00000, 0x000000078ec00000|100%| E|CS|TAMS 0x000000078eb00000| PB 0x000000078eb00000| Complete 
| 236|0x000000078ec00000, 0x000000078ed00000, 0x000000078ed00000|100%| E|CS|TAMS 0x000000078ec00000| PB 0x000000078ec00000| Complete 
| 237|0x000000078ed00000, 0x000000078ee00000, 0x000000078ee00000|100%| E|CS|TAMS 0x000000078ed00000| PB 0x000000078ed00000| Complete 
| 238|0x000000078ee00000, 0x000000078ef00000, 0x000000078ef00000|100%| E|CS|TAMS 0x000000078ee00000| PB 0x000000078ee00000| Complete 
| 239|0x000000078ef00000, 0x000000078f000000, 0x000000078f000000|100%| E|CS|TAMS 0x000000078ef00000| PB 0x000000078ef00000| Complete 
| 240|0x000000078f000000, 0x000000078f100000, 0x000000078f100000|100%| E|CS|TAMS 0x000000078f000000| PB 0x000000078f000000| Complete 
| 241|0x000000078f100000, 0x000000078f200000, 0x000000078f200000|100%| E|CS|TAMS 0x000000078f100000| PB 0x000000078f100000| Complete 
| 242|0x000000078f200000, 0x000000078f300000, 0x000000078f300000|100%| E|CS|TAMS 0x000000078f200000| PB 0x000000078f200000| Complete 
| 255|0x000000078ff00000, 0x0000000790000000, 0x0000000790000000|100%| E|CS|TAMS 0x000000078ff00000| PB 0x000000078ff00000| Complete 
|2035|0x00000007ff300000, 0x00000007ff400000, 0x00000007ff400000|100%| E|CS|TAMS 0x00000007ff300000| PB 0x00000007ff300000| Complete 
|2036|0x00000007ff400000, 0x00000007ff500000, 0x00000007ff500000|100%| O|  |TAMS 0x00000007ff400000| PB 0x00000007ff400000| Untracked 
|2037|0x00000007ff500000, 0x00000007ff600000, 0x00000007ff600000|100%| O|  |TAMS 0x00000007ff500000| PB 0x00000007ff500000| Untracked 
|2038|0x00000007ff600000, 0x00000007ff700000, 0x00000007ff700000|100%| O|  |TAMS 0x00000007ff600000| PB 0x00000007ff600000| Untracked 
|2039|0x00000007ff700000, 0x00000007ff800000, 0x00000007ff800000|100%| E|CS|TAMS 0x00000007ff700000| PB 0x00000007ff700000| Complete 
|2040|0x00000007ff800000, 0x00000007ff900000, 0x00000007ff900000|100%| E|CS|TAMS 0x00000007ff800000| PB 0x00000007ff800000| Complete 
|2041|0x00000007ff900000, 0x00000007ffa00000, 0x00000007ffa00000|100%| O|  |TAMS 0x00000007ff900000| PB 0x00000007ff900000| Untracked 
|2042|0x00000007ffa00000, 0x00000007ffb00000, 0x00000007ffb00000|100%| O|  |TAMS 0x00000007ffa00000| PB 0x00000007ffa00000| Untracked 
|2043|0x00000007ffb00000, 0x00000007ffc00000, 0x00000007ffc00000|100%| O|  |TAMS 0x00000007ffb00000| PB 0x00000007ffb00000| Untracked 
|2044|0x00000007ffc00000, 0x00000007ffd00000, 0x00000007ffd00000|100%| O|  |TAMS 0x00000007ffc00000| PB 0x00000007ffc00000| Untracked 
|2045|0x00000007ffd00000, 0x00000007ffe00000, 0x00000007ffe00000|100%| O|  |TAMS 0x00000007ffd00000| PB 0x00000007ffd00000| Untracked 
|2046|0x00000007ffe00000, 0x00000007fff00000, 0x00000007fff00000|100%| O|  |TAMS 0x00000007ffe00000| PB 0x00000007ffe00000| Untracked 
|2047|0x00000007fff00000, 0x0000000800000000, 0x0000000800000000|100%| O|  |TAMS 0x00000007fff00000| PB 0x00000007fff00000| Untracked 

Card table byte_map: [0x0000000108584000,0x0000000108984000] _byte_map_base: 0x0000000104984000

Marking Bits: (CMBitMap*) 0x00007f7ed1809810
 Bits: [0x000000010d521000, 0x000000010f521000)

Polling page: 0x0000000107ec6000

Metaspace:

Usage:
  Non-class:    109.63 MB used.
      Class:     18.05 MB used.
       Both:    127.68 MB used.

Virtual space:
  Non-class space:      128.00 MB reserved,     110.81 MB ( 87%) committed,  2 nodes.
      Class space:        1.00 GB reserved,      19.19 MB (  2%) committed,  1 nodes.
             Both:        1.12 GB reserved,     130.00 MB ( 11%) committed. 

Chunk freelists:
   Non-Class:  832.00 KB
       Class:  12.70 MB
        Both:  13.52 MB

MaxMetaspaceSize: unlimited
CompressedClassSpaceSize: 1.00 GB
Initial GC threshold: 21.00 MB
Current GC threshold: 211.88 MB
CDS: off
 - commit_granule_bytes: 65536.
 - commit_granule_words: 8192.
 - virtual_space_node_default_size: 8388608.
 - enlarge_chunks_in_place: 1.
 - use_allocation_guard: 0.


Internal statistics:

num_allocs_failed_limit: 6.
num_arena_births: 4726.
num_arena_deaths: 4.
num_vsnodes_births: 3.
num_vsnodes_deaths: 0.
num_space_committed: 2080.
num_space_uncommitted: 0.
num_chunks_returned_to_freelist: 15.
num_chunks_taken_from_freelist: 10273.
num_chunk_merges: 3.
num_chunk_splits: 6740.
num_chunks_enlarged: 4260.
num_inconsistent_stats: 0.

CodeHeap 'non-profiled nmethods': size=120028Kb used=6583Kb max_used=6583Kb free=113444Kb
 bounds [0x0000000117a03000, 0x0000000118073000, 0x000000011ef3a000]
CodeHeap 'profiled nmethods': size=120028Kb used=20500Kb max_used=20500Kb free=99528Kb
 bounds [0x000000010ff3a000, 0x000000011136a000, 0x0000000117471000]
CodeHeap 'non-nmethods': size=5704Kb used=2192Kb max_used=2303Kb free=3511Kb
 bounds [0x0000000117471000, 0x00000001176e1000, 0x0000000117a03000]
CodeCache: size=245760Kb, used=29275Kb, max_used=29386Kb, free=216483Kb
 total_blobs=12137, nmethods=11198, adapters=843, full_count=0
Compilation: enabled, stopped_count=0, restarted_count=0

Compilation events (20 events):
Event: 187.336 Thread 0x00007f7ed3853600 15483       3       java.io.File::getAbsoluteFile (38 bytes)
Event: 187.337 Thread 0x00007f7ed3853600 nmethod 15483 0x0000000110e13d90 code [0x0000000110e13fa0, 0x0000000110e14688]
Event: 187.337 Thread 0x00007f7ed053ce00 nmethod 15481 0x000000011806e010 code [0x000000011806e1a0, 0x000000011806e370]
Event: 187.338 Thread 0x00007f7ed053ce00 15484       4       org.objectweb.asm.MethodVisitor::visitLdcInsn (87 bytes)
Event: 187.338 Thread 0x00007f7ed3853600 15486       3       java.lang.String::toUpperCase (8 bytes)
Event: 187.339 Thread 0x00007f7ed3853600 nmethod 15486 0x0000000110740210 code [0x00000001107403e0, 0x0000000110740748]
Event: 187.339 Thread 0x00007f7ed3853600 15487       3       org.gradle.internal.classloader.ClassLoaderUtils::defineDecorator (13 bytes)
Event: 187.339 Thread 0x00007f7ed3853600 nmethod 15487 0x0000000110888f90 code [0x0000000110889140, 0x0000000110889280]
Event: 187.339 Thread 0x00007f7ed3853600 15488   !   3       org.gradle.internal.classloader.ClassLoaderUtils$LookupClassDefiner::defineDecoratorClass (47 bytes)
Event: 187.340 Thread 0x00007f7ed3853600 nmethod 15488 0x000000011099a190 code [0x000000011099a3a0, 0x000000011099a858]
Event: 187.342 Thread 0x00007f7ed3853600 15489       1       org.gradle.internal.ImmutableActionSet$SetWithFewActions::isEmpty (2 bytes)
Event: 187.342 Thread 0x00007f7ed3853600 nmethod 15489 0x000000011806e510 code [0x000000011806e6a0, 0x000000011806e760]
Event: 187.346 Thread 0x00007f7ed053ce00 nmethod 15484 0x000000011806e810 code [0x000000011806ea20, 0x000000011806f028]
Event: 187.346 Thread 0x00007f7ed053ce00 15485       4       org.gradle.internal.instantiation.generator.AsmBackedClassGenerator$ClassBuilderImpl::access$5800 (4 bytes)
Event: 187.346 Thread 0x00007f7ed053ce00 nmethod 15485 0x000000011806f590 code [0x000000011806f700, 0x000000011806f770]
Event: 187.360 Thread 0x00007f7ed053ce00 15490       4       java.util.TreeMap$KeyIterator::next (8 bytes)
Event: 187.371 Thread 0x00007f7ed053ce00 nmethod 15490 0x000000011806f890 code [0x000000011806fa20, 0x000000011806fda0]
Event: 187.410 Thread 0x00007f7ed3853600 15491 %     3       org.objectweb.asm.Type::hashCode @ 41 (68 bytes)
Event: 187.411 Thread 0x00007f7ed3853600 nmethod 15491% 0x00000001105b5990 code [0x00000001105b5ba0, 0x00000001105b6338]
Event: 187.412 Thread 0x00007f7ed053ce00 15492 %     4       java.net.URI::quote @ 24 (214 bytes)

GC Heap History (20 events):
Event: 174.545 GC heap before
{Heap before GC invocations=42 (full 0):
 garbage-first heap   total 217088K, used 191111K [0x0000000780000000, 0x0000000800000000)
  region size 1024K, 63 young (64512K), 3 survivors (3072K)
 Metaspace       used 107786K, committed 109888K, reserved 1179648K
  class space    used 15108K, committed 16128K, reserved 1048576K
}
Event: 174.550 GC heap after
{Heap after GC invocations=43 (full 0):
 garbage-first heap   total 217088K, used 132107K [0x0000000780000000, 0x0000000800000000)
  region size 1024K, 6 young (6144K), 6 survivors (6144K)
 Metaspace       used 107786K, committed 109888K, reserved 1179648K
  class space    used 15108K, committed 16128K, reserved 1048576K
}
Event: 176.118 GC heap before
{Heap before GC invocations=43 (full 0):
 garbage-first heap   total 217088K, used 205835K [0x0000000780000000, 0x0000000800000000)
  region size 1024K, 75 young (76800K), 6 survivors (6144K)
 Metaspace       used 110214K, committed 112384K, reserved 1179648K
  class space    used 15456K, committed 16512K, reserved 1048576K
}
Event: 176.128 GC heap after
{Heap after GC invocations=44 (full 0):
 garbage-first heap   total 220160K, used 138856K [0x0000000780000000, 0x0000000800000000)
  region size 1024K, 10 young (10240K), 10 survivors (10240K)
 Metaspace       used 110214K, committed 112384K, reserved 1179648K
  class space    used 15456K, committed 16512K, reserved 1048576K
}
Event: 177.115 GC heap before
{Heap before GC invocations=44 (full 0):
 garbage-first heap   total 220160K, used 180840K [0x0000000780000000, 0x0000000800000000)
  region size 1024K, 52 young (53248K), 10 survivors (10240K)
 Metaspace       used 112908K, committed 115072K, reserved 1179648K
  class space    used 15842K, committed 16896K, reserved 1048576K
}
Event: 177.148 GC heap after
{Heap after GC invocations=45 (full 0):
 garbage-first heap   total 220160K, used 141535K [0x0000000780000000, 0x0000000800000000)
  region size 1024K, 3 young (3072K), 3 survivors (3072K)
 Metaspace       used 112908K, committed 115072K, reserved 1179648K
  class space    used 15842K, committed 16896K, reserved 1048576K
}
Event: 178.812 GC heap before
{Heap before GC invocations=46 (full 0):
 garbage-first heap   total 240640K, used 206047K [0x0000000780000000, 0x0000000800000000)
  region size 1024K, 65 young (66560K), 3 survivors (3072K)
 Metaspace       used 117146K, committed 119296K, reserved 1179648K
  class space    used 16606K, committed 17664K, reserved 1048576K
}
Event: 178.816 GC heap after
{Heap after GC invocations=47 (full 0):
 garbage-first heap   total 240640K, used 142426K [0x0000000780000000, 0x0000000800000000)
  region size 1024K, 4 young (4096K), 4 survivors (4096K)
 Metaspace       used 117146K, committed 119296K, reserved 1179648K
  class space    used 16606K, committed 17664K, reserved 1048576K
}
Event: 180.680 GC heap before
{Heap before GC invocations=47 (full 0):
 garbage-first heap   total 240640K, used 225370K [0x0000000780000000, 0x0000000800000000)
  region size 1024K, 85 young (87040K), 4 survivors (4096K)
 Metaspace       used 121960K, committed 124224K, reserved 1179648K
  class space    used 17331K, committed 18432K, reserved 1048576K
}
Event: 180.688 GC heap after
{Heap after GC invocations=48 (full 0):
 garbage-first heap   total 240640K, used 144665K [0x0000000780000000, 0x0000000800000000)
  region size 1024K, 7 young (7168K), 7 survivors (7168K)
 Metaspace       used 121960K, committed 124224K, reserved 1179648K
  class space    used 17331K, committed 18432K, reserved 1048576K
}
Event: 181.295 GC heap before
{Heap before GC invocations=48 (full 0):
 garbage-first heap   total 240640K, used 163097K [0x0000000780000000, 0x0000000800000000)
  region size 1024K, 26 young (26624K), 7 survivors (7168K)
 Metaspace       used 123138K, committed 125376K, reserved 1179648K
  class space    used 17490K, committed 18560K, reserved 1048576K
}
Event: 181.314 GC heap after
{Heap after GC invocations=49 (full 0):
 garbage-first heap   total 240640K, used 146131K [0x0000000780000000, 0x0000000800000000)
  region size 1024K, 7 young (7168K), 7 survivors (7168K)
 Metaspace       used 123138K, committed 125376K, reserved 1179648K
  class space    used 17490K, committed 18560K, reserved 1048576K
}
Event: 182.600 GC heap before
{Heap before GC invocations=50 (full 0):
 garbage-first heap   total 247808K, used 227027K [0x0000000780000000, 0x0000000800000000)
  region size 1024K, 85 young (87040K), 7 survivors (7168K)
 Metaspace       used 127847K, committed 130176K, reserved 1179648K
  class space    used 18193K, committed 19328K, reserved 1048576K
}
Event: 182.615 GC heap after
{Heap after GC invocations=51 (full 0):
 garbage-first heap   total 247808K, used 154073K [0x0000000780000000, 0x0000000800000000)
  region size 1024K, 11 young (11264K), 11 survivors (11264K)
 Metaspace       used 127847K, committed 130176K, reserved 1179648K
  class space    used 18193K, committed 19328K, reserved 1048576K
}
Event: 183.527 GC heap before
{Heap before GC invocations=51 (full 0):
 garbage-first heap   total 247808K, used 231897K [0x0000000780000000, 0x0000000800000000)
  region size 1024K, 87 young (89088K), 11 survivors (11264K)
 Metaspace       used 127849K, committed 130176K, reserved 1179648K
  class space    used 18194K, committed 19328K, reserved 1048576K
}
Event: 183.536 GC heap after
{Heap after GC invocations=52 (full 0):
 garbage-first heap   total 248832K, used 154497K [0x0000000780000000, 0x0000000800000000)
  region size 1024K, 5 young (5120K), 5 survivors (5120K)
 Metaspace       used 127849K, committed 130176K, reserved 1179648K
  class space    used 18194K, committed 19328K, reserved 1048576K
}
Event: 184.209 GC heap before
{Heap before GC invocations=52 (full 0):
 garbage-first heap   total 248832K, used 233345K [0x0000000780000000, 0x0000000800000000)
  region size 1024K, 82 young (83968K), 5 survivors (5120K)
 Metaspace       used 127849K, committed 130176K, reserved 1179648K
  class space    used 18194K, committed 19328K, reserved 1048576K
}
Event: 184.215 GC heap after
{Heap after GC invocations=53 (full 0):
 garbage-first heap   total 248832K, used 156951K [0x0000000780000000, 0x0000000800000000)
  region size 1024K, 8 young (8192K), 8 survivors (8192K)
 Metaspace       used 127849K, committed 130176K, reserved 1179648K
  class space    used 18194K, committed 19328K, reserved 1048576K
}
Event: 184.907 GC heap before
{Heap before GC invocations=54 (full 0):
 garbage-first heap   total 263168K, used 232727K [0x0000000780000000, 0x0000000800000000)
  region size 1024K, 82 young (83968K), 8 survivors (8192K)
 Metaspace       used 127849K, committed 130176K, reserved 1179648K
  class space    used 18194K, committed 19328K, reserved 1048576K
}
Event: 184.913 GC heap after
{Heap after GC invocations=55 (full 0):
 garbage-first heap   total 263168K, used 159252K [0x0000000780000000, 0x0000000800000000)
  region size 1024K, 8 young (8192K), 8 survivors (8192K)
 Metaspace       used 127849K, committed 130176K, reserved 1179648K
  class space    used 18194K, committed 19328K, reserved 1048576K
}

Dll operation events (13 events):
Event: 0.025 Loaded shared library /Applications/Android Studio.app/Contents/jbr/Contents/Home/lib/libjava.dylib
Event: 0.034 Loaded shared library /Applications/Android Studio.app/Contents/jbr/Contents/Home/lib/libzip.dylib
Event: 0.249 Loaded shared library /Applications/Android Studio.app/Contents/jbr/Contents/Home/lib/libnio.dylib
Event: 0.260 Loaded shared library /Applications/Android Studio.app/Contents/jbr/Contents/Home/lib/libinstrument.dylib
Event: 0.276 Loaded shared library /Applications/Android Studio.app/Contents/jbr/Contents/Home/lib/libzip.dylib
Event: 0.448 Loaded shared library /Applications/Android Studio.app/Contents/jbr/Contents/Home/lib/libnet.dylib
Event: 0.959 Loaded shared library /Applications/Android Studio.app/Contents/jbr/Contents/Home/lib/libjimage.dylib
Event: 1.368 Loaded shared library /Applications/Android Studio.app/Contents/jbr/Contents/Home/lib/libverify.dylib
Event: 1.442 Loaded shared library /Users/john/.gradle/native/660c5614fbf4a5f2a75b1949f50a0caf5cd603558e7d8a26e50b933a0cfb79d1/osx-amd64/libnative-platform.dylib
Event: 1.486 Loaded shared library /Users/john/.gradle/native/0.2.8/x86_64-macos/libgradle-fileevents.dylib
Event: 3.385 Loaded shared library /Applications/Android Studio.app/Contents/jbr/Contents/Home/lib/libmanagement.dylib
Event: 3.388 Loaded shared library /Applications/Android Studio.app/Contents/jbr/Contents/Home/lib/libmanagement_ext.dylib
Event: 3.605 Loaded shared library /Applications/Android Studio.app/Contents/jbr/Contents/Home/lib/libextnet.dylib

Deoptimization events (20 events):
Event: 185.696 Thread 0x00007f7ed0358200 Uncommon trap: trap_request=0xffffffc6 fr.pc=0x0000000117fc80d4 relative=0x0000000000000d34
Event: 185.696 Thread 0x00007f7ed0358200 Uncommon trap: reason=bimorphic_or_optimized_type_check action=maybe_recompile pc=0x0000000117fc80d4 method=com.google.common.cache.LocalCache$Segment.setValue(Lcom/google/common/cache/ReferenceEntry;Ljava/lang/Object;Ljava/lang/Object;J)V @ 76 c2
Event: 185.696 Thread 0x00007f7ed0358200 DEOPT PACKING pc=0x0000000117fc80d4 sp=0x000070000a077c30
Event: 185.696 Thread 0x00007f7ed0358200 DEOPT UNPACKING pc=0x00000001174c4f99 sp=0x000070000a077c10 mode 2
Event: 185.760 Thread 0x00007f7ed3b72000 Uncommon trap: trap_request=0xffffff76 fr.pc=0x0000000117c4e4c4 relative=0x0000000000000604
Event: 185.760 Thread 0x00007f7ed3b72000 Uncommon trap: reason=predicate action=maybe_recompile pc=0x0000000117c4e4c4 method=java.util.TimSort.reverseRange([Ljava/lang/Object;II)V @ 5 c2
Event: 185.760 Thread 0x00007f7ed3b72000 DEOPT PACKING pc=0x0000000117c4e4c4 sp=0x0000700009756b00
Event: 185.760 Thread 0x00007f7ed3b72000 DEOPT UNPACKING pc=0x00000001174c4f99 sp=0x0000700009756a58 mode 2
Event: 185.864 Thread 0x00007f7ed3b72000 Uncommon trap: trap_request=0xffffff76 fr.pc=0x0000000117eb6d48 relative=0x0000000000000228
Event: 185.864 Thread 0x00007f7ed3b72000 Uncommon trap: reason=predicate action=maybe_recompile pc=0x0000000117eb6d48 method=java.util.LinkedHashMap.keysToArray([Ljava/lang/Object;Z)[Ljava/lang/Object; @ 53 c2
Event: 185.864 Thread 0x00007f7ed3b72000 DEOPT PACKING pc=0x0000000117eb6d48 sp=0x0000700009756da0
Event: 185.864 Thread 0x00007f7ed3b72000 DEOPT UNPACKING pc=0x00000001174c4f99 sp=0x0000700009756d50 mode 2
Event: 185.879 Thread 0x00007f7ed3b72000 Uncommon trap: trap_request=0xffffffc6 fr.pc=0x0000000117b48ea8 relative=0x00000000000009a8
Event: 185.879 Thread 0x00007f7ed3b72000 Uncommon trap: reason=bimorphic_or_optimized_type_check action=maybe_recompile pc=0x0000000117b48ea8 method=java.lang.Throwable.<init>(Ljava/lang/String;Ljava/lang/Throwable;)V @ 24 c2
Event: 185.879 Thread 0x00007f7ed3b72000 DEOPT PACKING pc=0x0000000117b48ea8 sp=0x0000700009759100
Event: 185.879 Thread 0x00007f7ed3b72000 DEOPT UNPACKING pc=0x00000001174c4f99 sp=0x00007000097590c8 mode 2
Event: 185.880 Thread 0x00007f7ed3b72000 Uncommon trap: trap_request=0xffffffc6 fr.pc=0x0000000117b48ea8 relative=0x00000000000009a8
Event: 185.880 Thread 0x00007f7ed3b72000 Uncommon trap: reason=bimorphic_or_optimized_type_check action=maybe_recompile pc=0x0000000117b48ea8 method=java.lang.Throwable.<init>(Ljava/lang/String;Ljava/lang/Throwable;)V @ 24 c2
Event: 185.880 Thread 0x00007f7ed3b72000 DEOPT PACKING pc=0x0000000117b48ea8 sp=0x0000700009759100
Event: 185.880 Thread 0x00007f7ed3b72000 DEOPT UNPACKING pc=0x00000001174c4f99 sp=0x00007000097590c8 mode 2

Classes loaded (20 events):
Event: 173.304 Loading class com/sun/jmx/mbeanserver/StandardMBeanIntrospector
Event: 173.304 Loading class com/sun/jmx/mbeanserver/StandardMBeanIntrospector done
Event: 177.020 Loading class java/beans/PropertyChangeListener
Event: 177.020 Loading class java/beans/PropertyChangeListener done
Event: 177.493 Loading class java/util/regex/Pattern$Caret
Event: 177.494 Loading class java/util/regex/Pattern$Caret done
Event: 178.701 Loading class java/util/ArrayList$SubList$2
Event: 178.701 Loading class java/util/ArrayList$SubList$2 done
Event: 179.986 Loading class java/io/NotSerializableException
Event: 179.986 Loading class java/io/NotSerializableException done
Event: 180.254 Loading class java/util/Stack
Event: 180.254 Loading class java/util/Stack done
Event: 180.539 Loading class java/net/InetAddress$CachedLocalHost
Event: 180.539 Loading class java/net/InetAddress$CachedLocalHost done
Event: 181.043 Loading class java/lang/AbstractMethodError
Event: 181.043 Loading class java/lang/AbstractMethodError done
Event: 181.901 Loading class java/util/concurrent/ConcurrentLinkedQueue$Itr
Event: 181.901 Loading class java/util/concurrent/ConcurrentLinkedQueue$Itr done
Event: 181.966 Loading class java/io/PushbackInputStream
Event: 181.966 Loading class java/io/PushbackInputStream done

Classes unloaded (12 events):
Event: 35.795 Thread 0x00007f7ed3505500 Unloading class 0x00000008009c99c8 '_BuildScript_$_run_closure1$_closure3'
Event: 35.795 Thread 0x00007f7ed3505500 Unloading class 0x00000008009c95a8 '_BuildScript_$_run_closure1$_closure2'
Event: 35.795 Thread 0x00007f7ed3505500 Unloading class 0x00000008009c9188 '_BuildScript_$_run_closure1'
Event: 35.795 Thread 0x00007f7ed3505500 Unloading class 0x00000008009c8c60 '_BuildScript_'
Event: 35.795 Thread 0x00007f7ed3505500 Unloading class 0x00000008009c8840 'JetGradlePlugin$_apply_closure1$_closure2$_closure3'
Event: 35.795 Thread 0x00007f7ed3505500 Unloading class 0x00000008009c8420 'JetGradlePlugin$_apply_closure1$_closure2'
Event: 35.795 Thread 0x00007f7ed3505500 Unloading class 0x00000008009c8000 'JetGradlePlugin$_apply_closure1'
Event: 35.795 Thread 0x00007f7ed3505500 Unloading class 0x00000008009c1b00 'JetGradlePlugin'
Event: 35.795 Thread 0x00007f7ed3505500 Unloading class 0x00000008009c1800 'RegistryProcessor'
Event: 35.795 Thread 0x00007f7ed3505500 Unloading class 0x0000000800998948 '_BuildScript_$_run_closure1$_closure2'
Event: 35.795 Thread 0x00007f7ed3505500 Unloading class 0x0000000800998528 '_BuildScript_$_run_closure1'
Event: 35.795 Thread 0x00007f7ed3505500 Unloading class 0x0000000800998000 '_BuildScript_'

Classes redefined (0 events):
No events

Internal exceptions (20 events):
Event: 181.899 Thread 0x00007f7ed217cc00 Exception <a 'java/lang/NoSuchMethodError'{0x000000078d5d9e00}: static Lorg/gradle/internal/build/event/types/AbstractTaskResult;.<clinit>()V> (0x000000078d5d9e00) 
thrown [src/hotspot/share/prims/jni.cpp, line 1144]
Event: 181.926 Thread 0x00007f7ed04d2a00 Exception <a 'java/lang/NoSuchMethodError'{0x000000078d3d1ae8}: static Ljava/lang/Object;.<clinit>()V> (0x000000078d3d1ae8) 
thrown [src/hotspot/share/prims/jni.cpp, line 1144]
Event: 181.927 Thread 0x00007f7ed04d2a00 Exception <a 'java/lang/NoSuchMethodError'{0x000000078d3dd188}: static Lorg/jetbrains/kotlin/gradle/plugin/statistics/MetricContainer;.<clinit>()V> (0x000000078d3dd188) 
thrown [src/hotspot/share/prims/jni.cpp, line 1144]
Event: 181.931 Thread 0x00007f7ed1eaa200 Implicit null exception at 0x0000000117d3b61c to 0x0000000117d3b6f4
Event: 181.994 Thread 0x00007f7ed1eaa200 Exception <a 'java/lang/NoSuchMethodError'{0x000000078cd9a9d0}: 'void java.lang.invoke.DirectMethodHandle$Holder.invokeStaticInit(java.lang.Object)'> (0x000000078cd9a9d0) 
thrown [src/hotspot/share/interpreter/linkResolver.cpp, line 784]
Event: 181.996 Thread 0x00007f7ed1eaa200 Exception <a 'java/lang/NoSuchMethodError'{0x000000078cdac4f0}: 'void java.lang.invoke.DirectMethodHandle$Holder.invokeStatic(java.lang.Object, int)'> (0x000000078cdac4f0) 
thrown [src/hotspot/share/interpreter/linkResolver.cpp, line 784]
Event: 181.996 Thread 0x00007f7ed1eaa200 Exception <a 'java/lang/NoSuchMethodError'{0x000000078cdaf8b0}: 'void java.lang.invoke.DirectMethodHandle$Holder.invokeStaticInit(java.lang.Object, int)'> (0x000000078cdaf8b0) 
thrown [src/hotspot/share/interpreter/linkResolver.cpp, line 784]
Event: 182.049 Thread 0x00007f7ed3b72000 Exception <a 'sun/nio/fs/UnixException'{0x000000078c2d8650}> (0x000000078c2d8650) 
thrown [src/hotspot/share/prims/jni.cpp, line 537]
Event: 182.056 Thread 0x00007f7ed3b72000 Exception <a 'sun/nio/fs/UnixException'{0x000000078c159118}> (0x000000078c159118) 
thrown [src/hotspot/share/prims/jni.cpp, line 537]
Event: 182.154 Thread 0x00007f7ed3b72000 Exception <a 'sun/nio/fs/UnixException'{0x000000078bdc45f0}> (0x000000078bdc45f0) 
thrown [src/hotspot/share/prims/jni.cpp, line 537]
Event: 184.073 Thread 0x00007f7ed1dc4200 Exception <a 'sun/nio/fs/UnixException'{0x000000078ad01418}> (0x000000078ad01418) 
thrown [src/hotspot/share/prims/jni.cpp, line 537]
Event: 185.281 Thread 0x00007f7ed3b72000 Exception <a 'sun/nio/fs/UnixException'{0x000000078d6fae40}> (0x000000078d6fae40) 
thrown [src/hotspot/share/prims/jni.cpp, line 537]
Event: 185.290 Thread 0x00007f7ed3b72000 Exception <a 'sun/nio/fs/UnixException'{0x000000078d52a340}> (0x000000078d52a340) 
thrown [src/hotspot/share/prims/jni.cpp, line 537]
Event: 185.563 Thread 0x00007f7ed3b72000 Exception <a 'sun/nio/fs/UnixException'{0x000000078ce2b8f8}> (0x000000078ce2b8f8) 
thrown [src/hotspot/share/prims/jni.cpp, line 537]
Event: 185.690 Thread 0x00007f7ed0358200 Implicit null exception at 0x0000000118010604 to 0x000000011801267c
Event: 185.695 Thread 0x00007f7ed0358200 Implicit null exception at 0x00000001180090d8 to 0x000000011800bf44
Event: 185.860 Thread 0x00007f7ed1eaa200 Exception <a 'java/lang/NoSuchMethodError'{0x000000078c3d3dd0}: static Lorg/jetbrains/plugins/gradle/tooling/serialization/internal/adapter/kotlin/dsl/InternalKotlinDslScriptsModel;.<clinit>()V> (0x000000078c3d3dd0) 
thrown [src/hotspot/share/prims/jni.cpp, line 1144]
Event: 185.861 Thread 0x00007f7ed1eaa200 Exception <a 'java/lang/NoSuchMethodError'{0x000000078c3deaf8}: static Lorg/jetbrains/plugins/gradle/tooling/serialization/internal/adapter/kotlin/dsl/InternalKotlinDslScriptModel;.<clinit>()V> (0x000000078c3deaf8) 
thrown [src/hotspot/share/prims/jni.cpp, line 1144]
Event: 186.411 Thread 0x00007f7ed1eaa200 Exception <a 'java/lang/NoSuchMethodError'{0x000000078c070500}: static Lcom/intellij/gradle/toolingExtension/impl/javaModel/manifestModel/DefaultJavaGradleManifestModel;.<clinit>()V> (0x000000078c070500) 
thrown [src/hotspot/share/prims/jni.cpp, line 1144]
Event: 186.421 Thread 0x00007f7ed1eaa200 Exception <a 'java/lang/NoSuchMethodError'{0x000000078c0806b0}: static Lcom/intellij/gradle/toolingExtension/impl/model/repositoryModel/DefaultProjectRepositoriesModel;.<clinit>()V> (0x000000078c0806b0) 
thrown [src/hotspot/share/prims/jni.cpp, line 1144]

ZGC Phase Switch (0 events):
No events

VM Operations (20 events):
Event: 182.600 Executing VM operation: G1CollectForAllocation (G1 Evacuation Pause)
Event: 182.615 Executing VM operation: G1CollectForAllocation (G1 Evacuation Pause) done
Event: 183.527 Executing VM operation: G1CollectForAllocation (G1 Evacuation Pause)
Event: 183.536 Executing VM operation: G1CollectForAllocation (G1 Evacuation Pause) done
Event: 184.209 Executing VM operation: G1CollectForAllocation (G1 Evacuation Pause)
Event: 184.215 Executing VM operation: G1CollectForAllocation (G1 Evacuation Pause) done
Event: 184.357 Executing VM operation: G1PauseRemark
Event: 184.363 Executing VM operation: G1PauseRemark done
Event: 184.458 Executing VM operation: G1PauseCleanup
Event: 184.458 Executing VM operation: G1PauseCleanup done
Event: 184.907 Executing VM operation: G1CollectForAllocation (G1 Evacuation Pause)
Event: 184.913 Executing VM operation: G1CollectForAllocation (G1 Evacuation Pause) done
Event: 185.882 Executing VM operation: ICBufferFull
Event: 185.882 Executing VM operation: ICBufferFull done
Event: 186.886 Executing VM operation: Cleanup
Event: 186.960 Executing VM operation: Cleanup done
Event: 186.981 Executing VM operation: HandshakeAllThreads (Deoptimize)
Event: 186.985 Executing VM operation: HandshakeAllThreads (Deoptimize) done
Event: 186.987 Executing VM operation: HandshakeAllThreads (Deoptimize)
Event: 186.987 Executing VM operation: HandshakeAllThreads (Deoptimize) done

Memory protections (20 events):
Event: 169.778 Protecting memory [0x000070000dd30000,0x000070000dd34000] with protection modes 0
Event: 173.398 Protecting memory [0x000070000de33000,0x000070000de37000] with protection modes 0
Event: 181.573 Protecting memory [0x000070000df36000,0x000070000df3a000] with protection modes 0
Event: 181.650 Protecting memory [0x000070000df36000,0x000070000df3a000] with protection modes 3
Event: 181.790 Protecting memory [0x000070000df36000,0x000070000df3a000] with protection modes 0
Event: 181.806 Protecting memory [0x000070000e039000,0x000070000e03d000] with protection modes 0
Event: 181.807 Protecting memory [0x000070000e13c000,0x000070000e140000] with protection modes 0
Event: 181.807 Protecting memory [0x000070000e23f000,0x000070000e243000] with protection modes 0
Event: 181.807 Protecting memory [0x000070000e342000,0x000070000e346000] with protection modes 0
Event: 181.807 Protecting memory [0x000070000e445000,0x000070000e449000] with protection modes 0
Event: 181.808 Protecting memory [0x000070000e548000,0x000070000e54c000] with protection modes 0
Event: 181.808 Protecting memory [0x000070000e64b000,0x000070000e64f000] with protection modes 0
Event: 181.850 Protecting memory [0x000070000e74e000,0x000070000e752000] with protection modes 0
Event: 181.931 Protecting memory [0x000070000e851000,0x000070000e855000] with protection modes 0
Event: 182.152 Protecting memory [0x000070000e954000,0x000070000e958000] with protection modes 0
Event: 182.643 Protecting memory [0x000070000ea57000,0x000070000ea5b000] with protection modes 0
Event: 182.643 Protecting memory [0x000070000eb5a000,0x000070000eb5e000] with protection modes 0
Event: 184.579 Protecting memory [0x000070000eb5a000,0x000070000eb5e000] with protection modes 3
Event: 185.553 Protecting memory [0x000070000eb5a000,0x000070000eb5e000] with protection modes 0
Event: 187.335 Protecting memory [0x000070000eb5a000,0x000070000eb5e000] with protection modes 3

Nmethod flushes (20 events):
Event: 184.362 Thread 0x00007f7ed3505500 flushing  nmethod 0x00000001105ada90
Event: 184.362 Thread 0x00007f7ed3505500 flushing  nmethod 0x0000000110646a90
Event: 184.362 Thread 0x00007f7ed3505500 flushing  nmethod 0x0000000110647210
Event: 184.362 Thread 0x00007f7ed3505500 flushing  nmethod 0x000000011072f790
Event: 184.362 Thread 0x00007f7ed3505500 flushing  nmethod 0x0000000110731510
Event: 184.362 Thread 0x00007f7ed3505500 flushing  nmethod 0x0000000110732710
Event: 184.362 Thread 0x00007f7ed3505500 flushing  nmethod 0x000000011078b090
Event: 184.362 Thread 0x00007f7ed3505500 flushing  nmethod 0x000000011080f990
Event: 184.362 Thread 0x00007f7ed3505500 flushing  nmethod 0x00000001108be590
Event: 184.362 Thread 0x00007f7ed3505500 flushing  nmethod 0x00000001109c6910
Event: 184.362 Thread 0x00007f7ed3505500 flushing  nmethod 0x00000001109c9f10
Event: 184.362 Thread 0x00007f7ed3505500 flushing  nmethod 0x0000000110a1ee10
Event: 184.362 Thread 0x00007f7ed3505500 flushing  nmethod 0x0000000110a22110
Event: 184.362 Thread 0x00007f7ed3505500 flushing  nmethod 0x0000000110a22490
Event: 184.362 Thread 0x00007f7ed3505500 flushing  nmethod 0x0000000110a22810
Event: 184.362 Thread 0x00007f7ed3505500 flushing  nmethod 0x0000000110a24590
Event: 184.362 Thread 0x00007f7ed3505500 flushing  nmethod 0x0000000110af3190
Event: 184.362 Thread 0x00007f7ed3505500 flushing  nmethod 0x0000000110d24f90
Event: 184.362 Thread 0x00007f7ed3505500 flushing  nmethod 0x0000000110f4e790
Event: 184.362 Thread 0x00007f7ed3505500 flushing  nmethod 0x0000000111102010

Events (20 events):
Event: 169.778 Thread 0x00007f7ed3b72000 Thread added: 0x00007f7ed22eb200
Event: 173.398 Thread 0x00007f7ed3b72000 Thread added: 0x00007f7ed04d2a00
Event: 181.573 Thread 0x00007f7ed3b72000 Thread added: 0x00007f7ed4dd6e00
Event: 181.650 Thread 0x00007f7ed4dd6e00 Thread exited: 0x00007f7ed4dd6e00
Event: 181.790 Thread 0x00007f7ed3b72000 Thread added: 0x00007f7ed1c13c00
Event: 181.806 Thread 0x00007f7ed1c13c00 Thread added: 0x00007f7ed2c12600
Event: 181.807 Thread 0x00007f7ed1c13c00 Thread added: 0x00007f7ed386f800
Event: 181.807 Thread 0x00007f7ed1c13c00 Thread added: 0x00007f7ecfec7e00
Event: 181.807 Thread 0x00007f7ed1c13c00 Thread added: 0x00007f7ed2373800
Event: 181.807 Thread 0x00007f7ed1c13c00 Thread added: 0x00007f7ed06d8e00
Event: 181.808 Thread 0x00007f7ed1c13c00 Thread added: 0x00007f7ed06d9600
Event: 181.808 Thread 0x00007f7ed1c13c00 Thread added: 0x00007f7ed38cfe00
Event: 181.850 Thread 0x00007f7ed2c12600 Thread added: 0x00007f7ed068da00
Event: 181.931 Thread 0x00007f7ed3b72000 Thread added: 0x00007f7ed1eaa200
Event: 182.152 Thread 0x00007f7ed3b72000 Thread added: 0x00007f7ed2c11000
Event: 182.643 Thread 0x00007f7ed3853600 Thread added: 0x00007f7ed053ce00
Event: 182.643 Thread 0x00007f7ed3853600 Thread added: 0x00007f7ed07ff800
Event: 184.579 Thread 0x00007f7ed07ff800 Thread exited: 0x00007f7ed07ff800
Event: 185.553 Thread 0x00007f7ed3852e00 Thread added: 0x00007f7ecfc1f200
Event: 187.335 Thread 0x00007f7ecfc1f200 Thread exited: 0x00007f7ecfc1f200


Dynamic libraries:
0x0000000107ea3000 	/Applications/Android Studio.app/Contents/jbr/Contents/Home/lib/libjli.dylib
0x00007ff822410000 	/System/Library/Frameworks/Cocoa.framework/Versions/A/Cocoa
0x00007ff80e043000 	/System/Library/Frameworks/AppKit.framework/Versions/C/AppKit
0x00007ff811559000 	/System/Library/Frameworks/CoreData.framework/Versions/A/CoreData
0x00007ff80c442000 	/System/Library/Frameworks/Foundation.framework/Versions/C/Foundation
0x00007ff81637c000 	/usr/lib/libSystem.B.dylib
0x00007ff80eed3000 	/System/Library/PrivateFrameworks/UIFoundation.framework/Versions/A/UIFoundation
0x00007ff81c2f6000 	/System/Library/PrivateFrameworks/RemoteViewServices.framework/Versions/A/RemoteViewServices
0x00007ff8145cf000 	/System/Library/PrivateFrameworks/XCTTargetBootstrap.framework/Versions/A/XCTTargetBootstrap
0x00007ff81818c000 	/System/Library/PrivateFrameworks/InternationalSupport.framework/Versions/A/InternationalSupport
0x00007ff818216000 	/System/Library/PrivateFrameworks/UserActivity.framework/Versions/A/UserActivity
0x00007ff817564000 	/usr/lib/libspindump.dylib
0x00007ff80f162000 	/System/Library/Frameworks/UniformTypeIdentifiers.framework/Versions/A/UniformTypeIdentifiers
0x00007ff812cf4000 	/usr/lib/libapp_launch_measurement.dylib
0x00007ff811f2b000 	/System/Library/PrivateFrameworks/CoreAnalytics.framework/Versions/A/CoreAnalytics
0x00007ff812cf7000 	/System/Library/PrivateFrameworks/CoreAutoLayout.framework/Versions/A/CoreAutoLayout
0x00007ff813f27000 	/System/Library/Frameworks/Metal.framework/Versions/A/Metal
0x00007ff814c56000 	/usr/lib/liblangid.dylib
0x00007ff8145d4000 	/System/Library/PrivateFrameworks/CoreSVG.framework/Versions/A/CoreSVG
0x00007ff81054d000 	/System/Library/PrivateFrameworks/SkyLight.framework/Versions/A/SkyLight
0x00007ff8108ec000 	/System/Library/Frameworks/CoreGraphics.framework/Versions/A/CoreGraphics
0x00007ff81c9b8000 	/System/Library/Frameworks/Accelerate.framework/Versions/A/Accelerate
0x00007ff816fe3000 	/System/Library/PrivateFrameworks/IconServices.framework/Versions/A/IconServices
0x00007ff813f0c000 	/System/Library/Frameworks/IOSurface.framework/Versions/A/IOSurface
0x00007ff811f59000 	/usr/lib/libDiagnosticMessagesClient.dylib
0x00007ff81629c000 	/usr/lib/libz.1.dylib
0x00007ff8200b4000 	/System/Library/Frameworks/ApplicationServices.framework/Versions/A/ApplicationServices
0x00007ff8145bb000 	/System/Library/PrivateFrameworks/DFRFoundation.framework/Versions/A/DFRFoundation
0x00007ff80d927000 	/usr/lib/libicucore.A.dylib
0x00007ff818f82000 	/System/Library/Frameworks/AudioToolbox.framework/Versions/A/AudioToolbox
0x00007ff818198000 	/System/Library/PrivateFrameworks/DataDetectorsCore.framework/Versions/A/DataDetectorsCore
0x00007ff91469c000 	/System/Library/PrivateFrameworks/TextInput.framework/Versions/A/TextInput
0x00007ff8104d0000 	/usr/lib/libMobileGestalt.dylib
0x00007ff8142c7000 	/System/Library/Frameworks/Carbon.framework/Versions/A/Frameworks/HIToolbox.framework/Versions/A/HIToolbox
0x00007ff8126f6000 	/System/Library/Frameworks/QuartzCore.framework/Versions/A/QuartzCore
0x00007ff80d5cc000 	/System/Library/Frameworks/Security.framework/Versions/A/Security
0x00007ff81c32e000 	/System/Library/Frameworks/Carbon.framework/Versions/A/Frameworks/SpeechRecognition.framework/Versions/A/SpeechRecognition
0x00007ff812a54000 	/System/Library/PrivateFrameworks/CoreUI.framework/Versions/A/CoreUI
0x00007ff80ce96000 	/System/Library/Frameworks/CoreAudio.framework/Versions/A/CoreAudio
0x00007ff812048000 	/System/Library/Frameworks/DiskArbitration.framework/Versions/A/DiskArbitration
0x00007ff817955000 	/System/Library/PrivateFrameworks/MultitouchSupport.framework/Versions/A/MultitouchSupport
0x00007ff8104cf000 	/usr/lib/libenergytrace.dylib
0x00007ff80df2b000 	/System/Library/Frameworks/IOKit.framework/Versions/A/IOKit
0x00007ff81c720000 	/System/Library/Frameworks/CoreServices.framework/Versions/A/CoreServices
0x00007ff812c8e000 	/System/Library/PrivateFrameworks/PerformanceAnalysis.framework/Versions/A/PerformanceAnalysis
0x00007ffa2436a000 	/System/Library/Frameworks/OpenGL.framework/Versions/A/OpenGL
0x00007ff8158b8000 	/System/Library/PrivateFrameworks/MobileKeyBag.framework/Versions/A/MobileKeyBag
0x00007ff80b40a000 	/usr/lib/libobjc.A.dylib
0x00007ff810fb8000 	/System/Library/Frameworks/ColorSync.framework/Versions/A/ColorSync
0x00007ff80b5c5000 	/System/Library/Frameworks/CoreFoundation.framework/Versions/A/CoreFoundation
0x00007ff81484c000 	/System/Library/Frameworks/CoreImage.framework/Versions/A/CoreImage
0x00007ff80ccaa000 	/System/Library/Frameworks/CoreText.framework/Versions/A/CoreText
0x00007ff814604000 	/System/Library/Frameworks/ImageIO.framework/Versions/A/ImageIO
0x00007ff816382000 	/System/Library/PrivateFrameworks/SoftLinking.framework/Versions/A/SoftLinking
0x00007ff812d3f000 	/usr/lib/libxml2.2.dylib
0x00007ff80b4d1000 	/usr/lib/libc++.1.dylib
0x00007ff816606000 	/usr/lib/libcompression.dylib
0x00007ff8180bf000 	/System/Library/PrivateFrameworks/TextureIO.framework/Versions/A/TextureIO
0x00007ff816cf4000 	/usr/lib/libate.dylib
0x00007ff816377000 	/usr/lib/system/libcache.dylib
0x00007ff816333000 	/usr/lib/system/libcommonCrypto.dylib
0x00007ff81635c000 	/usr/lib/system/libcompiler_rt.dylib
0x00007ff816352000 	/usr/lib/system/libcopyfile.dylib
0x00007ff80b305000 	/usr/lib/system/libcorecrypto.dylib
0x00007ff80b3c3000 	/usr/lib/system/libdispatch.dylib
0x00007ff80b584000 	/usr/lib/system/libdyld.dylib
0x00007ff81636e000 	/usr/lib/system/libkeymgr.dylib
0x00007ff816311000 	/usr/lib/system/libmacho.dylib
0x00007ff815992000 	/usr/lib/system/libquarantine.dylib
0x00007ff81636c000 	/usr/lib/system/libremovefile.dylib
0x00007ff81051d000 	/usr/lib/system/libsystem_asl.dylib
0x00007ff80b2ae000 	/usr/lib/system/libsystem_blocks.dylib
0x00007ff80b448000 	/usr/lib/system/libsystem_c.dylib
0x00007ff816364000 	/usr/lib/system/libsystem_collections.dylib
0x00007ff814c46000 	/usr/lib/system/libsystem_configuration.dylib
0x00007ff813eef000 	/usr/lib/system/libsystem_containermanager.dylib
0x00007ff816049000 	/usr/lib/system/libsystem_coreservices.dylib
0x00007ff80dbbb000 	/usr/lib/system/libsystem_darwin.dylib
0x00007ff81636f000 	/usr/lib/system/libsystem_dnssd.dylib
0x00007ff80b445000 	/usr/lib/system/libsystem_featureflags.dylib
0x00007ff80b59a000 	/usr/lib/system/libsystem_info.dylib
0x00007ff8162af000 	/usr/lib/system/libsystem_m.dylib
0x00007ff80b397000 	/usr/lib/system/libsystem_malloc.dylib
0x00007ff8104b8000 	/usr/lib/system/libsystem_networkextension.dylib
0x00007ff80dfe5000 	/usr/lib/system/libsystem_notify.dylib
0x00007ff81c5f3000 	/usr/lib/system/libsystem_product_info_filter.dylib
0x00007ff814c4a000 	/usr/lib/system/libsystem_sandbox.dylib
0x00007ff816369000 	/usr/lib/system/libsystem_secinit.dylib
0x00007ff80b540000 	/usr/lib/system/libsystem_kernel.dylib
0x00007ff80b590000 	/usr/lib/system/libsystem_platform.dylib
0x00007ff80b578000 	/usr/lib/system/libsystem_pthread.dylib
0x00007ff811d6b000 	/usr/lib/system/libsystem_symptoms.dylib
0x00007ff80b2ec000 	/usr/lib/system/libsystem_trace.dylib
0x00007ff81633f000 	/usr/lib/system/libunwind.dylib
0x00007ff80b2b0000 	/usr/lib/system/libxpc.dylib
0x00007ff80b52a000 	/usr/lib/libc++abi.dylib
0x00007ff81634a000 	/usr/lib/liboah.dylib
0x00007ff816ad0000 	/usr/lib/liblzma.5.dylib
0x00007ff80c154000 	/System/Library/Frameworks/SystemConfiguration.framework/Versions/A/SystemConfiguration
0x00007ff81637e000 	/usr/lib/libfakelink.dylib
0x00007ff810029000 	/System/Library/Frameworks/CFNetwork.framework/Versions/A/CFNetwork
0x00007ff8164bf000 	/usr/lib/libarchive.2.dylib
0x00007ff814c52000 	/System/Library/PrivateFrameworks/AppleSystemInfo.framework/Versions/A/AppleSystemInfo
0x00007ff8159b9000 	/usr/lib/libbsm.0.dylib
0x00007ff80f638000 	/usr/lib/libnetwork.dylib
0x00007ff816317000 	/usr/lib/system/libkxld.dylib
0x00007ff8155ec000 	/System/Library/PrivateFrameworks/IOMobileFramebuffer.framework/Versions/A/IOMobileFramebuffer
0x00007ffb23d20000 	/usr/lib/libCoreEntitlements.dylib
0x00007ff81602b000 	/System/Library/PrivateFrameworks/AppleFSCompression.framework/Versions/A/AppleFSCompression
0x00007ff8159a1000 	/usr/lib/libcoretls.dylib
0x00007ff816aea000 	/usr/lib/libcoretls_cfhelpers.dylib
0x00007ff816600000 	/usr/lib/libpam.2.dylib
0x00007ff81198a000 	/usr/lib/libsqlite3.dylib
0x00007ff816b59000 	/usr/lib/libxar.1.dylib
0x00007ff81603b000 	/usr/lib/libbz2.1.0.dylib
0x00007ff816383000 	/usr/lib/libpcap.A.dylib
0x00007ff811d63000 	/usr/lib/libdns_services.dylib
0x00007ff8165d0000 	/usr/lib/libapple_nghttp2.dylib
0x00007ff8163bd000 	/usr/lib/libiconv.2.dylib
0x00007ff816310000 	/usr/lib/libcharset.1.dylib
0x00007ff812cc2000 	/System/Library/Frameworks/CoreServices.framework/Versions/A/Frameworks/FSEvents.framework/Versions/A/FSEvents
0x00007ff80dbc5000 	/System/Library/Frameworks/CoreServices.framework/Versions/A/Frameworks/CarbonCore.framework/Versions/A/CarbonCore
0x00007ff811fac000 	/System/Library/Frameworks/CoreServices.framework/Versions/A/Frameworks/Metadata.framework/Versions/A/Metadata
0x00007ff81604e000 	/System/Library/Frameworks/CoreServices.framework/Versions/A/Frameworks/OSServices.framework/Versions/A/OSServices
0x00007ff816545000 	/System/Library/Frameworks/CoreServices.framework/Versions/A/Frameworks/SearchKit.framework/Versions/A/SearchKit
0x00007ff811cf5000 	/System/Library/Frameworks/CoreServices.framework/Versions/A/Frameworks/AE.framework/Versions/A/AE
0x00007ff80bac8000 	/System/Library/Frameworks/CoreServices.framework/Versions/A/Frameworks/LaunchServices.framework/Versions/A/LaunchServices
0x00007ff816a81000 	/System/Library/Frameworks/CoreServices.framework/Versions/A/Frameworks/DictionaryServices.framework/Versions/A/DictionaryServices
0x00007ff812ccf000 	/System/Library/Frameworks/CoreServices.framework/Versions/A/Frameworks/SharedFileList.framework/Versions/A/SharedFileList
0x00007ff815995000 	/usr/lib/libCheckFix.dylib
0x00007ff810534000 	/System/Library/PrivateFrameworks/TCC.framework/Versions/A/TCC
0x00007ff814c58000 	/System/Library/PrivateFrameworks/CoreNLP.framework/Versions/A/CoreNLP
0x00007ff811f5c000 	/System/Library/PrivateFrameworks/MetadataUtilities.framework/Versions/A/MetadataUtilities
0x00007ff80c205000 	/usr/lib/libmecabra.dylib
0x00007ff8159c9000 	/usr/lib/libmecab.dylib
0x00007ff80c1d0000 	/usr/lib/libCRFSuite.dylib
0x00007ff815a23000 	/usr/lib/libgermantok.dylib
0x00007ff8165ab000 	/usr/lib/libThaiTokenizer.dylib
0x00007ff81204f000 	/System/Library/Frameworks/Accelerate.framework/Versions/A/Frameworks/vImage.framework/Versions/A/vImage
0x00007ff81c6f7000 	/System/Library/Frameworks/Accelerate.framework/Versions/A/Frameworks/vecLib.framework/Versions/A/vecLib
0x00007ff816b9a000 	/System/Library/Frameworks/Accelerate.framework/Versions/A/Frameworks/vecLib.framework/Versions/A/libvMisc.dylib
0x00007ff815417000 	/System/Library/Frameworks/Accelerate.framework/Versions/A/Frameworks/vecLib.framework/Versions/A/libvDSP.dylib
0x00007ff80be44000 	/System/Library/Frameworks/Accelerate.framework/Versions/A/Frameworks/vecLib.framework/Versions/A/libBLAS.dylib
0x00007ff8166e3000 	/System/Library/Frameworks/Accelerate.framework/Versions/A/Frameworks/vecLib.framework/Versions/A/libLAPACK.dylib
0x00007ff815a26000 	/System/Library/Frameworks/Accelerate.framework/Versions/A/Frameworks/vecLib.framework/Versions/A/libLinearAlgebra.dylib
0x00007ff8165e8000 	/System/Library/Frameworks/Accelerate.framework/Versions/A/Frameworks/vecLib.framework/Versions/A/libSparseBLAS.dylib
0x00007ff8166dd000 	/System/Library/Frameworks/Accelerate.framework/Versions/A/Frameworks/vecLib.framework/Versions/A/libQuadrature.dylib
0x00007ff814d43000 	/System/Library/Frameworks/Accelerate.framework/Versions/A/Frameworks/vecLib.framework/Versions/A/libBNNS.dylib
0x00007ff80c0de000 	/System/Library/Frameworks/Accelerate.framework/Versions/A/Frameworks/vecLib.framework/Versions/A/libSparse.dylib
0x00007ff814d3c000 	/System/Library/PrivateFrameworks/LinguisticData.framework/Versions/A/LinguisticData
0x00007ff80c094000 	/System/Library/PrivateFrameworks/Lexicon.framework/Versions/A/Lexicon
0x00007ff816b93000 	/usr/lib/libChineseTokenizer.dylib
0x00007ff80c7ff000 	/System/Library/PrivateFrameworks/LanguageModeling.framework/Versions/A/LanguageModeling
0x00007ff8165ad000 	/System/Library/PrivateFrameworks/AppleSauce.framework/Versions/A/AppleSauce
0x00007ff8155da000 	/System/Library/PrivateFrameworks/CoreEmoji.framework/Versions/A/CoreEmoji
0x00007ff8164ae000 	/usr/lib/libcmph.dylib
0x00007ff812ca6000 	/System/Library/Frameworks/OpenDirectory.framework/Versions/A/Frameworks/CFOpenDirectory.framework/Versions/A/CFOpenDirectory
0x00007ff812c9a000 	/System/Library/Frameworks/OpenDirectory.framework/Versions/A/OpenDirectory
0x00007ff816aec000 	/System/Library/PrivateFrameworks/APFS.framework/Versions/A/APFS
0x00007ff8158f0000 	/System/Library/Frameworks/SecurityFoundation.framework/Versions/A/SecurityFoundation
0x00007ff816b67000 	/usr/lib/libutil.dylib
0x00007ff80deef000 	/System/Library/PrivateFrameworks/CoreServicesStore.framework/Versions/A/CoreServicesStore
0x00007ff816b6b000 	/usr/lib/libxslt.1.dylib
0x00007ff81597d000 	/System/Library/PrivateFrameworks/BackgroundTaskManagement.framework/Versions/A/BackgroundTaskManagement
0x00007ff817fdf000 	/System/Library/Frameworks/ImageIO.framework/Versions/A/Resources/libRadiance.dylib
0x00007ff817fe8000 	/System/Library/Frameworks/ImageIO.framework/Versions/A/Resources/libJPEG.dylib
0x00007ff817f34000 	/System/Library/Frameworks/ImageIO.framework/Versions/A/Resources/libPng.dylib
0x00007ff817f55000 	/System/Library/Frameworks/ImageIO.framework/Versions/A/Resources/libTIFF.dylib
0x00007ff818048000 	/System/Library/Frameworks/ImageIO.framework/Versions/A/Resources/libGIF.dylib
0x00007ff81786e000 	/System/Library/Frameworks/ImageIO.framework/Versions/A/Resources/libJP2.dylib
0x00007ff816fa9000 	/usr/lib/libexpat.1.dylib
0x00007ff817823000 	/System/Library/PrivateFrameworks/AppleJPEG.framework/Versions/A/AppleJPEG
0x00007ff81418c000 	/System/Library/PrivateFrameworks/FontServices.framework/libFontParser.dylib
0x00007ff811c9f000 	/System/Library/PrivateFrameworks/RunningBoardServices.framework/Versions/A/RunningBoardServices
0x00007ff8229cb000 	/System/Library/PrivateFrameworks/IOSurfaceAccelerator.framework/Versions/A/IOSurfaceAccelerator
0x00007ff817951000 	/System/Library/PrivateFrameworks/WatchdogClient.framework/Versions/A/WatchdogClient
0x00007ff80c8ed000 	/System/Library/Frameworks/CoreDisplay.framework/Versions/A/CoreDisplay
0x00007ff81408a000 	/System/Library/Frameworks/CoreMedia.framework/Versions/A/CoreMedia
0x00007ff813f1e000 	/System/Library/PrivateFrameworks/IOAccelerator.framework/Versions/A/IOAccelerator
0x00007ff812e23000 	/System/Library/Frameworks/CoreVideo.framework/Versions/A/CoreVideo
0x00007ff8165fe000 	/System/Library/Frameworks/MetalPerformanceShaders.framework/Versions/A/MetalPerformanceShaders
0x00007ff81798e000 	/System/Library/Frameworks/VideoToolbox.framework/Versions/A/VideoToolbox
0x00007ff811be9000 	/System/Library/PrivateFrameworks/BaseBoard.framework/Versions/A/BaseBoard
0x00007ff811970000 	/System/Library/PrivateFrameworks/ProtocolBuffer.framework/Versions/A/ProtocolBuffer
0x00007ff817fd8000 	/System/Library/PrivateFrameworks/GPUWrangler.framework/Versions/A/GPUWrangler
0x00007ff817fbc000 	/System/Library/PrivateFrameworks/IOPresentment.framework/Versions/A/IOPresentment
0x00007ff817fe2000 	/System/Library/PrivateFrameworks/DSExternalDisplay.framework/Versions/A/DSExternalDisplay
0x00007ffa2435e000 	/System/Library/Frameworks/OpenGL.framework/Versions/A/Libraries/libCoreFSCache.dylib
0x00007ffb11433000 	/System/Library/PrivateFrameworks/GPUCompiler.framework/Versions/31001/Libraries/libGPUCompilerUtils.dylib
0x00007ff81804d000 	/System/Library/PrivateFrameworks/CMCaptureCore.framework/Versions/A/CMCaptureCore
0x00007ff817552000 	/System/Library/PrivateFrameworks/AppServerSupport.framework/Versions/A/AppServerSupport
0x00007ff81981b000 	/System/Library/PrivateFrameworks/perfdata.framework/Versions/A/perfdata
0x00007ff80ca19000 	/System/Library/PrivateFrameworks/AudioToolboxCore.framework/Versions/A/AudioToolboxCore
0x00007ff814068000 	/System/Library/PrivateFrameworks/caulk.framework/Versions/A/caulk
0x00007ff81912d000 	/usr/lib/libAudioStatistics.dylib
0x00007ff910e21000 	/System/Library/PrivateFrameworks/SystemPolicy.framework/Versions/A/SystemPolicy
0x00007ff819388000 	/usr/lib/libSMC.dylib
0x00007ff8222c3000 	/System/Library/Frameworks/CoreMIDI.framework/Versions/A/CoreMIDI
0x00007ff817f03000 	/usr/lib/libAudioToolboxUtility.dylib
0x00007ff90d041000 	/System/Library/PrivateFrameworks/OSAServicesClient.framework/Versions/A/OSAServicesClient
0x00007ff819828000 	/usr/lib/libperfcheck.dylib
0x00007ff9118d2000 	/usr/lib/libmis.dylib
0x00007ffa243b9000 	/System/Library/Frameworks/OpenGL.framework/Versions/A/Libraries/libGLU.dylib
0x00007ffa2437d000 	/System/Library/Frameworks/OpenGL.framework/Versions/A/Libraries/libGFXShared.dylib
0x00007ffa24586000 	/System/Library/Frameworks/OpenGL.framework/Versions/A/Libraries/libGL.dylib
0x00007ffa24386000 	/System/Library/Frameworks/OpenGL.framework/Versions/A/Libraries/libGLImage.dylib
0x00007ffa2437a000 	/System/Library/Frameworks/OpenGL.framework/Versions/A/Libraries/libCVMSPluginSupport.dylib
0x00007ffa24365000 	/System/Library/Frameworks/OpenGL.framework/Versions/A/Libraries/libCoreVMClient.dylib
0x00007ff814bd4000 	/System/Library/Frameworks/MetalPerformanceShaders.framework/Versions/A/Frameworks/MPSCore.framework/Versions/A/MPSCore
0x00007ff815f96000 	/System/Library/Frameworks/MetalPerformanceShaders.framework/Versions/A/Frameworks/MPSImage.framework/Versions/A/MPSImage
0x00007ff815a3c000 	/System/Library/Frameworks/MetalPerformanceShaders.framework/Versions/A/Frameworks/MPSNeuralNetwork.framework/Versions/A/MPSNeuralNetwork
0x00007ff815eb0000 	/System/Library/Frameworks/MetalPerformanceShaders.framework/Versions/A/Frameworks/MPSMatrix.framework/Versions/A/MPSMatrix
0x00007ff815c6b000 	/System/Library/Frameworks/MetalPerformanceShaders.framework/Versions/A/Frameworks/MPSRayIntersector.framework/Versions/A/MPSRayIntersector
0x00007ff815ee8000 	/System/Library/Frameworks/MetalPerformanceShaders.framework/Versions/A/Frameworks/MPSNDArray.framework/Versions/A/MPSNDArray
0x00007ffa29e3e000 	/System/Library/Frameworks/MetalPerformanceShaders.framework/Versions/A/Frameworks/MPSFunctions.framework/Versions/A/MPSFunctions
0x00007ff80bd20000 	/System/Library/PrivateFrameworks/MetalTools.framework/Versions/A/MetalTools
0x00007ff814c50000 	/System/Library/PrivateFrameworks/AggregateDictionary.framework/Versions/A/AggregateDictionary
0x00007ff816d8b000 	/usr/lib/libIOReport.dylib
0x00007ffa25995000 	/System/Library/Frameworks/OpenCL.framework/Versions/A/OpenCL
0x00007ff8170f0000 	/System/Library/PrivateFrameworks/FaceCore.framework/Versions/A/FaceCore
0x00007ff8170e1000 	/System/Library/PrivateFrameworks/GraphVisualizer.framework/Versions/A/GraphVisualizer
0x00007ffb1133e000 	/System/Library/PrivateFrameworks/FontServices.framework/Versions/A/FontServices
0x00007ff81750a000 	/System/Library/PrivateFrameworks/OTSVG.framework/Versions/A/OTSVG
0x00007ff812a09000 	/System/Library/Frameworks/ApplicationServices.framework/Versions/A/Frameworks/ATS.framework/Versions/A/Resources/libFontRegistry.dylib
0x00007ff81755a000 	/System/Library/PrivateFrameworks/FontServices.framework/libhvf.dylib
0x00007ffb1133f000 	/System/Library/PrivateFrameworks/FontServices.framework/libXTFontStaticRegistryData.dylib
0x00007ff816f59000 	/System/Library/PrivateFrameworks/AppleVA.framework/Versions/A/AppleVA
0x00007ff81914d000 	/System/Library/Frameworks/ApplicationServices.framework/Versions/A/Frameworks/ATS.framework/Versions/A/ATS
0x00007ff8110b6000 	/System/Library/Frameworks/ApplicationServices.framework/Versions/A/Frameworks/HIServices.framework/Versions/A/HIServices
0x00007ff818057000 	/System/Library/Frameworks/ApplicationServices.framework/Versions/A/Frameworks/PrintCore.framework/Versions/A/PrintCore
0x00007ff8194db000 	/System/Library/Frameworks/ApplicationServices.framework/Versions/A/Frameworks/QD.framework/Versions/A/QD
0x00007ff8194d3000 	/System/Library/Frameworks/ApplicationServices.framework/Versions/A/Frameworks/ColorSyncLegacy.framework/Versions/A/ColorSyncLegacy
0x00007ff81913d000 	/System/Library/Frameworks/ApplicationServices.framework/Versions/A/Frameworks/SpeechSynthesis.framework/Versions/A/SpeechSynthesis
0x00007ff818018000 	/System/Library/Frameworks/ApplicationServices.framework/Versions/A/Frameworks/ATSUI.framework/Versions/A/ATSUI
0x00007ff819468000 	/usr/lib/libcups.2.dylib
0x00007ff819837000 	/System/Library/Frameworks/Kerberos.framework/Versions/A/Kerberos
0x00007ff819846000 	/System/Library/Frameworks/GSS.framework/Versions/A/GSS
0x00007ff8191b9000 	/usr/lib/libresolv.9.dylib
0x00007ff817569000 	/System/Library/PrivateFrameworks/Heimdal.framework/Versions/A/Heimdal
0x00007ff820446000 	/System/Library/Frameworks/Kerberos.framework/Versions/A/Libraries/libHeimdalProxy.dylib
0x00007ff811d73000 	/System/Library/Frameworks/Network.framework/Versions/A/Network
0x00007ff816fc4000 	/usr/lib/libheimdal-asn1.dylib
0x00007ff819891000 	/System/Library/PrivateFrameworks/CommonAuth.framework/Versions/A/CommonAuth
0x00007ff8190bf000 	/System/Library/PrivateFrameworks/AudioSession.framework/Versions/A/AudioSession
0x00007ff817054000 	/System/Library/PrivateFrameworks/MediaExperience.framework/Versions/A/MediaExperience
0x00007ff818f51000 	/System/Library/PrivateFrameworks/AudioSession.framework/libSessionUtility.dylib
0x00007ff8194e7000 	/System/Library/PrivateFrameworks/AudioResourceArbitration.framework/Versions/A/AudioResourceArbitration
0x00007ff81d56a000 	/System/Library/PrivateFrameworks/PowerLog.framework/Versions/A/PowerLog
0x00007ff816fcd000 	/System/Library/PrivateFrameworks/IconFoundation.framework/Versions/A/IconFoundation
0x00007ff81c31e000 	/System/Library/PrivateFrameworks/SpeechRecognitionCore.framework/Versions/A/SpeechRecognitionCore
0x0000000109131000 	/Applications/Android Studio.app/Contents/jbr/Contents/Home/lib/server/libjvm.dylib
0x0000000107ed5000 	/Applications/Android Studio.app/Contents/jbr/Contents/Home/lib/libjimage.dylib
0x0000000107ef9000 	/Applications/Android Studio.app/Contents/jbr/Contents/Home/lib/libinstrument.dylib
0x0000000107f3b000 	/Applications/Android Studio.app/Contents/jbr/Contents/Home/lib/libjava.dylib
0x0000000108a09000 	/Applications/Android Studio.app/Contents/jbr/Contents/Home/lib/libzip.dylib
0x0000000108a30000 	/Applications/Android Studio.app/Contents/jbr/Contents/Home/lib/libnio.dylib
0x0000000108a4c000 	/Applications/Android Studio.app/Contents/jbr/Contents/Home/lib/libnet.dylib
0x0000000108a62000 	/Applications/Android Studio.app/Contents/jbr/Contents/Home/lib/libverify.dylib
0x0000000107f1d000 	/Users/john/.gradle/native/660c5614fbf4a5f2a75b1949f50a0caf5cd603558e7d8a26e50b933a0cfb79d1/osx-amd64/libnative-platform.dylib
0x0000000108ae4000 	/Users/john/.gradle/native/0.2.8/x86_64-macos/libgradle-fileevents.dylib
0x0000000107f2f000 	/Applications/Android Studio.app/Contents/jbr/Contents/Home/lib/libmanagement.dylib
0x0000000108a83000 	/Applications/Android Studio.app/Contents/jbr/Contents/Home/lib/libmanagement_ext.dylib
0x0000000108a76000 	/Applications/Android Studio.app/Contents/jbr/Contents/Home/lib/libextnet.dylib

JVMTI agents:
/Users/john/.gradle/wrapper/dists/gradle-9.2.1-bin/2t0n5ozlw9xmuyvbp7dnzaxug/gradle-9.2.1/lib/agents/gradle-instrumentation-agent-9.2.1.jar path:none, loaded, initialized, instrumentlib options:none


VM Arguments:
jvm_args: --add-opens=java.base/java.lang=ALL-UNNAMED --add-opens=java.base/java.lang.invoke=ALL-UNNAMED --add-opens=java.base/java.util=ALL-UNNAMED --add-opens=java.prefs/java.util.prefs=ALL-UNNAMED --add-exports=jdk.compiler/com.sun.tools.javac.api=ALL-UNNAMED --add-exports=jdk.compiler/com.sun.tools.javac.util=ALL-UNNAMED --add-opens=java.base/java.util=ALL-UNNAMED --add-opens=java.prefs/java.util.prefs=ALL-UNNAMED --add-opens=java.base/java.nio.charset=ALL-UNNAMED --add-opens=java.base/java.net=ALL-UNNAMED --add-opens=java.base/java.util.concurrent=ALL-UNNAMED --add-opens=java.base/java.util.concurrent.atomic=ALL-UNNAMED --add-opens=java.xml/javax.xml.namespace=ALL-UNNAMED --add-opens=java.base/java.time=ALL-UNNAMED -Xmx2048m -Dfile.encoding=UTF-8 -Duser.country=NG -Duser.language=en -Duser.variant -javaagent:/Users/john/.gradle/wrapper/dists/gradle-9.2.1-bin/2t0n5ozlw9xmuyvbp7dnzaxug/gradle-9.2.1/lib/agents/gradle-instrumentation-agent-9.2.1.jar 
java_command: org.gradle.launcher.daemon.bootstrap.GradleDaemon 9.2.1
java_class_path (initial): /Users/john/.gradle/wrapper/dists/gradle-9.2.1-bin/2t0n5ozlw9xmuyvbp7dnzaxug/gradle-9.2.1/lib/gradle-daemon-main-9.2.1.jar
Launcher Type: SUN_STANDARD

[Global flags]
     intx CICompilerCount                          = 4                                         {product} {ergonomic}
     uint ConcGCThreads                            = 2                                         {product} {ergonomic}
     uint G1ConcRefinementThreads                  = 8                                         {product} {ergonomic}
   size_t G1HeapRegionSize                         = 1048576                                   {product} {ergonomic}
    uintx GCDrainStackTargetSize                   = 64                                        {product} {ergonomic}
   size_t InitialHeapSize                          = 268435456                                 {product} {ergonomic}
   size_t MarkStackSize                            = 4194304                                   {product} {ergonomic}
   size_t MaxHeapSize                              = 2147483648                                {product} {command line}
   size_t MaxNewSize                               = 1287651328                                {product} {ergonomic}
   size_t MinHeapDeltaBytes                        = 1048576                                   {product} {ergonomic}
   size_t MinHeapSize                              = 8388608                                   {product} {ergonomic}
    uintx NonNMethodCodeHeapSize                   = 5839372                                {pd product} {ergonomic}
    uintx NonProfiledCodeHeapSize                  = 122909434                              {pd product} {ergonomic}
    uintx ProfiledCodeHeapSize                     = 122909434                              {pd product} {ergonomic}
    uintx ReservedCodeCacheSize                    = 251658240                              {pd product} {ergonomic}
     bool SegmentedCodeCache                       = true                                      {product} {ergonomic}
   size_t SoftMaxHeapSize                          = 2147483648                             {manageable} {ergonomic}
     bool UseCompressedOops                        = true                           {product lp64_product} {ergonomic}
     bool UseG1GC                                  = true                                      {product} {ergonomic}
     bool UseNUMA                                  = false                                     {product} {ergonomic}
     bool UseNUMAInterleaving                      = false                                     {product} {ergonomic}

Logging:
Log output configuration:
 #0: stdout all=warning uptime,level,tags foldmultilines=false
 #1: stderr all=off uptime,level,tags foldmultilines=false

Release file:
JAVA_VERSION="21.0.9"
MODULES="java.base java.compiler java.datatransfer java.xml java.prefs java.desktop java.instrument java.logging java.management java.security.sasl java.naming java.rmi java.management.rmi java.net.http java.scripting java.security.jgss java.transaction.xa java.sql java.sql.rowset java.xml.crypto java.se java.smartcardio jdk.accessibility jdk.internal.jvmstat jdk.attach jdk.charsets jdk.internal.opt jdk.zipfs jdk.compiler jdk.crypto.ec jdk.crypto.cryptoki jdk.dynalink jdk.hotspot.agent jdk.httpserver jdk.internal.ed jdk.internal.le jdk.internal.vm.ci jdk.jartool jdk.javadoc jdk.jcmd jdk.jdeps jdk.jdwp.agent jdk.jdi jdk.jfr jdk.jlink jdk.jsobject jdk.localedata jdk.management jdk.management.agent jdk.management.jfr jdk.naming.dns jdk.naming.rmi jdk.net jdk.sctp jdk.security.auth jdk.security.jgss jdk.unsupported jdk.unsupported.desktop jdk.xml.dom"
IMPLEMENTOR="JetBrains s.r.o."
JAVA_RUNTIME_VERSION="21.0.9+-14649483-b1163.86"
LIBC="default"
OS_ARCH="x86_64"
OS_NAME="Darwin"
SOURCE=".:git:554d0c326095"

Environment Variables:
PATH=/Users/john/.opencode/bin:/Users/john/.local/bin:/Users/john/Library/pnpm:/Users/john/.nvm/versions/node/v24.14.0/bin:/usr/local/bin:/usr/bin:/bin:/usr/sbin:/sbin:/opt/X11/bin:/Users/john/.local/bin:/Users/john/Library/Android/sdk/platform-tools:/Users/john/mongosh-2.5.10-darwin-x64/bin:/Users/john/.local/bin
SHELL=/bin/zsh
LC_CTYPE=en_US.UTF-8
TMPDIR=/var/folders/05/ncp3hbw54c1dyv29q7dh0hxh0000gr/T/

Active Locale:
LC_ALL=C
LC_COLLATE=C
LC_CTYPE=C
LC_MESSAGES=C
LC_MONETARY=C
LC_NUMERIC=C
LC_TIME=C

Signal Handlers:
   SIGSEGV: crash_handler in libjvm.dylib, mask=11100110000111110111111111111111, flags=SA_ONSTACK|SA_RESTART|SA_SIGINFO, unblocked
    SIGBUS: crash_handler in libjvm.dylib, mask=11100110000111110111111111111111, flags=SA_RESTART|SA_SIGINFO, unblocked
    SIGFPE: crash_handler in libjvm.dylib, mask=11100110000111110111111111111111, flags=SA_RESTART|SA_SIGINFO, unblocked
   SIGPIPE: javaSignalHandler in libjvm.dylib, mask=11100110000111110111111111111111, flags=SA_RESTART|SA_SIGINFO, blocked
   SIGXFSZ: javaSignalHandler in libjvm.dylib, mask=11100110000111110111111111111111, flags=SA_RESTART|SA_SIGINFO, blocked
    SIGILL: crash_handler in libjvm.dylib, mask=11100110000111110111111111111111, flags=SA_RESTART|SA_SIGINFO, unblocked
   SIGUSR2: SR_handler in libjvm.dylib, mask=00000000000000000000000000000000, flags=SA_RESTART|SA_SIGINFO, blocked
    SIGHUP: UserHandler in libjvm.dylib, mask=11100110000111110111111111111111, flags=SA_RESTART|SA_SIGINFO, blocked
    SIGINT: UserHandler in libjvm.dylib, mask=11100110000111110111111111111111, flags=SA_RESTART|SA_SIGINFO, blocked
   SIGTERM: UserHandler in libjvm.dylib, mask=11100110000111110111111111111111, flags=SA_RESTART|SA_SIGINFO, blocked
   SIGQUIT: UserHandler in libjvm.dylib, mask=11100110000111110111111111111111, flags=SA_RESTART|SA_SIGINFO, blocked
   SIGTRAP: crash_handler in libjvm.dylib, mask=11100110000111110111111111111111, flags=SA_RESTART|SA_SIGINFO, unblocked


Periodic native trim disabled

JNI global refs:
JNI global refs: 30, weak refs: 4

JNI global refs memory usage: 835, weak refs: 833

Process memory usage:
Resident Set Size: 552908K (3% of 16777216K total physical memory with 465624K free physical memory)

OOME stack traces (most recent first):
Classloader memory used:
Loader org.gradle.internal.classloader.VisitableURLClassLoader                         : 52589K
Loader bootstrap                                                                       : 31736K
Loader org.gradle.internal.classloader.VisitableURLClassLoader$InstrumentingVisitableURLClassLoader: 27343K
Loader org.gradle.initialization.MixInLegacyTypesClassLoader                           : 13874K
Loader org.gradle.internal.classloader.VisitableURLClassLoader                         : 3796K
Loader jdk.internal.loader.ClassLoaders$PlatformClassLoader                            : 733K
Loader jdk.internal.reflect.DelegatingClassLoader                                      : 496K
Loader jdk.internal.loader.ClassLoaders$AppClassLoader                                 : 230K
Loader org.gradle.groovy.scripts.internal.DefaultScriptCompilationHandler$ScriptClassLoader: 93048B

Classes loaded by more than one classloader:
Class Program                                                                         : loaded 5 times (x 72B)
Class com.google.common.collect.ImmutableList                                         : loaded 4 times (x 206B)
Class com.google.common.collect.ImmutableCollection                                   : loaded 4 times (x 125B)
Class com.google.common.base.Preconditions                                            : loaded 4 times (x 71B)
Class com.google.common.collect.ImmutableRangeSet$AsSet                               : loaded 3 times (x 299B)
Class com.google.common.collect.SortedIterable                                        : loaded 3 times (x 70B)
Class com.google.common.collect.RegularImmutableList                                  : loaded 3 times (x 212B)
Class org.gradle.internal.IoActions                                                   : loaded 3 times (x 71B)
Class com.google.common.collect.UnmodifiableIterator                                  : loaded 3 times (x 80B)
Class com.google.common.collect.RangeSet                                              : loaded 3 times (x 70B)
Class com.google.common.collect.Iterators$9                                           : loaded 3 times (x 81B)
Class com.google.common.collect.ImmutableRangeSet$ComplementRanges                    : loaded 3 times (x 207B)
Class com.google.common.collect.ImmutableList$SubList                                 : loaded 3 times (x 208B)
Class com.google.common.collect.Iterators$1                                           : loaded 3 times (x 81B)
Class com.google.common.collect.ImmutableAsList                                       : loaded 3 times (x 209B)
Class com.google.common.collect.Iterators$4                                           : loaded 3 times (x 82B)
Class com.google.common.collect.AbstractIterator                                      : loaded 3 times (x 82B)
Class org.gradle.internal.Cast                                                        : loaded 3 times (x 71B)
Class org.gradle.api.Action                                                           : loaded 3 times (x 70B)
Class com.google.common.collect.RegularImmutableSortedSet                             : loaded 3 times (x 299B)
Class org.gradle.api.GradleException                                                  : loaded 3 times (x 82B)
Class com.google.common.collect.ImmutableSet                                          : loaded 3 times (x 145B)
Class com.google.common.collect.Lists$StringAsImmutableList                           : loaded 3 times (x 207B)
Class com.google.common.collect.Iterators$MergingIterator                             : loaded 3 times (x 81B)
Class com.google.common.collect.Multimap                                              : loaded 3 times (x 70B)
Class com.google.common.collect.Range                                                 : loaded 3 times (x 87B)
Class com.google.common.collect.ImmutableRangeSet                                     : loaded 3 times (x 115B)
Class com.google.common.collect.Iterators                                             : loaded 3 times (x 71B)
Class com.google.common.collect.Iterators$ArrayItr                                    : loaded 3 times (x 97B)
Class com.google.common.collect.Iterators$5                                           : loaded 3 times (x 82B)
Class com.google.common.collect.PeekingIterator                                       : loaded 3 times (x 70B)
Class com.google.common.collect.UnmodifiableListIterator                              : loaded 3 times (x 95B)
Class com.google.common.collect.ImmutableSet$CachingAsList                            : loaded 3 times (x 147B)
Class com.google.common.base.Predicate                                                : loaded 3 times (x 70B)
Class Build_gradle                                                                    : loaded 3 times (x 126B)
Class com.google.common.collect.Lists                                                 : loaded 3 times (x 71B)
Class com.google.common.collect.ImmutableSortedSet                                    : loaded 3 times (x 299B)
Class com.google.common.collect.ImmutableRangeSet$1                                   : loaded 3 times (x 209B)
Class com.google.common.collect.RangeGwtSerializationDependencies                     : loaded 3 times (x 71B)
Class com.google.common.collect.AbstractIndexedListIterator                           : loaded 3 times (x 96B)
Class com.google.common.collect.AbstractRangeSet                                      : loaded 3 times (x 114B)
Class com.google.common.collect.RegularImmutableAsList                                : loaded 3 times (x 216B)
Class kotlin.text.MatcherMatchResult$groupValues$1                                    : loaded 2 times (x 198B)
Class kotlin.sequences.SequencesKt___SequencesKt                                      : loaded 2 times (x 71B)
Class kotlin.collections.AbstractList$Companion                                       : loaded 2 times (x 71B)
Class org.gradle.internal.classloader.ClassLoaderVisitor                              : loaded 2 times (x 76B)
Class [Lcom.google.common.collect.ImmutableMapEntry;                                  : loaded 2 times (x 69B)
Class org.jetbrains.plugins.gradle.tooling.serialization.internal.IdeaProjectSerializationService: loaded 2 times (x 77B)
Class kotlin.sequences.SequencesKt___SequencesKt$flatMap$2                            : loaded 2 times (x 125B)
Class org.gradle.api.internal.classpath.EffectiveClassPath                            : loaded 2 times (x 90B)
Class com.android.builder.model.v2.models.AndroidDsl                                  : loaded 2 times (x 70B)
Class com.google.common.collect.ImmutableEnumMap                                      : loaded 2 times (x 125B)
Class com.google.common.collect.ListMultimap                                          : loaded 2 times (x 70B)
Class org.gradle.tooling.internal.gradle.DefaultProjectIdentifier                     : loaded 2 times (x 86B)
Class com.google.common.collect.Sets$1                                                : loaded 2 times (x 139B)
Class org.objectweb.asm.AnnotationVisitor                                             : loaded 2 times (x 78B)
Class com.google.common.base.Splitter                                                 : loaded 2 times (x 72B)
Class com.intellij.gradle.toolingExtension.impl.model.buildScriptClasspathModel.GradleBuildScriptClasspathSerializationService$ReadContext: loaded 2 times (x 72B)
Class org.gradle.api.internal.DefaultClassPathProvider                                : loaded 2 times (x 76B)
Class com.android.builder.model.v2.models.BasicAndroidProject                         : loaded 2 times (x 70B)
Class com.google.common.collect.Sets$2                                                : loaded 2 times (x 139B)
Class kotlin.text.MatchResult                                                         : loaded 2 times (x 70B)
Class kotlin.sequences.SequenceScope                                                  : loaded 2 times (x 73B)
Class kotlin.sequences.Sequence                                                       : loaded 2 times (x 70B)
Class [Lorg.gradle.api.internal.ClassPathProvider;                                    : loaded 2 times (x 69B)
Class org.gradle.api.internal.ClassPathProvider                                       : loaded 2 times (x 70B)
Class [Lorg.objectweb.asm.AnnotationVisitor;                                          : loaded 2 times (x 69B)
Class com.google.common.collect.Sets$3                                                : loaded 2 times (x 139B)
Class com.google.common.cache.LocalCache$LocalLoadingCache                            : loaded 2 times (x 134B)
Class com.google.common.base.AbstractIterator$State                                   : loaded 2 times (x 79B)
Class kotlin.collections.CollectionsKt___CollectionsKt$asSequence$$inlined$Sequence$1 : loaded 2 times (x 75B)
Class org.gradle.internal.service.UnknownServiceException                             : loaded 2 times (x 83B)
Class com.google.common.collect.Sets$4                                                : loaded 2 times (x 139B)
Class org.objectweb.asm.ModuleVisitor                                                 : loaded 2 times (x 81B)
Class com.google.common.cache.LocalCache$Strength$1                                   : loaded 2 times (x 81B)
Class org.jetbrains.kotlin.idea.gradleTooling.model.kapt.KaptGradleModel              : loaded 2 times (x 70B)
Class org.jetbrains.kotlin.idea.gradleTooling.KotlinDslScriptAdditionalTask           : loaded 2 times (x 70B)
Class org.jetbrains.plugins.gradle.model.ClasspathEntryModel                          : loaded 2 times (x 70B)
Class com.google.common.util.concurrent.SettableFuture                                : loaded 2 times (x 114B)
Class com.google.common.cache.LocalCache$Strength$2                                   : loaded 2 times (x 81B)
Class org.jetbrains.plugins.gradle.tooling.serialization.GradleExtensionsSerializationService: loaded 2 times (x 77B)
Class org.gradle.api.JavaVersion                                                      : loaded 2 times (x 79B)
Class org.gradle.tooling.model.Dependency                                             : loaded 2 times (x 70B)
Class com.google.common.cache.LocalCache$Strength$3                                   : loaded 2 times (x 81B)
Class com.google.common.collect.MapDifference                                         : loaded 2 times (x 70B)
Class com.google.common.base.Splitter$1                                               : loaded 2 times (x 77B)
Class com.intellij.openapi.externalSystem.model.project.dependencies.ResolutionState  : loaded 2 times (x 79B)
Class kotlin.collections.ArraysKt___ArraysJvmKt                                       : loaded 2 times (x 71B)
Class kotlin.collections.CollectionsKt__CollectionsKt                                 : loaded 2 times (x 71B)
Class org.objectweb.asm.FieldWriter                                                   : loaded 2 times (x 78B)
Class com.google.common.cache.CacheBuilder$NullListener                               : loaded 2 times (x 82B)
Class kotlin.text.Regex$Companion                                                     : loaded 2 times (x 71B)
Class org.gradle.internal.classpath.TransformedClassPath                              : loaded 2 times (x 96B)
Class org.gradle.internal.classloader.InstrumentingClassLoader                        : loaded 2 times (x 70B)
Class com.google.common.cache.CacheLoader$FunctionToCacheLoader                       : loaded 2 times (x 75B)
Class com.google.common.collect.ImmutableCollection$Builder                           : loaded 2 times (x 76B)
Class kotlin.jvm.internal.FunctionReference                                           : loaded 2 times (x 122B)
Class [Lkotlin.coroutines.intrinsics.CoroutineSingletons;                             : loaded 2 times (x 69B)
Class kotlin.jvm.internal.FunctionBase                                                : loaded 2 times (x 70B)
Class kotlin.enums.EnumEntriesList                                                    : loaded 2 times (x 223B)
Class com.google.common.base.Joiner                                                   : loaded 2 times (x 79B)
Class com.google.common.base.MoreObjects                                              : loaded 2 times (x 71B)
Class kotlin.collections.CollectionsKt__IteratorsJVMKt                                : loaded 2 times (x 71B)
Class [Lorg.objectweb.asm.Type;                                                       : loaded 2 times (x 69B)
Class com.google.common.collect.Platform                                              : loaded 2 times (x 71B)
Class org.jetbrains.kotlin.idea.gradleTooling.KotlinSourceSetContainer                : loaded 2 times (x 70B)
Class org.jetbrains.plugins.gradle.model.IntelliJSettings                             : loaded 2 times (x 70B)
Class kotlin.Result                                                                   : loaded 2 times (x 72B)
Class org.gradle.internal.service.ServiceLocator                                      : loaded 2 times (x 70B)
Class com.google.common.base.Ascii                                                    : loaded 2 times (x 71B)
Class com.google.common.collect.SingletonImmutableBiMap                               : loaded 2 times (x 143B)
Class com.google.common.cache.LocalCache$1                                            : loaded 2 times (x 89B)
Class com.google.common.collect.AbstractMapEntry                                      : loaded 2 times (x 81B)
Class com.intellij.gradle.toolingExtension.util.GradleVersionUtil                     : loaded 2 times (x 71B)
Class com.google.common.collect.Iterators$SingletonIterator                           : loaded 2 times (x 81B)
Class kotlin.sequences.TransformingSequence$iterator$1                                : loaded 2 times (x 79B)
Class kotlin.Pair                                                                     : loaded 2 times (x 72B)
Class org.gradle.tooling.internal.adapter.ProtocolToModelAdapter$SupportedPropertyInvoker: loaded 2 times (x 76B)
Class org.gradle.tooling.model.UnsupportedMethodException                             : loaded 2 times (x 82B)
Class com.google.common.collect.ImmutableList$Builder                                 : loaded 2 times (x 77B)
Class com.google.common.cache.LocalCache$2                                            : loaded 2 times (x 142B)
Class com.google.common.collect.AbstractMultimap                                      : loaded 2 times (x 123B)
Class kotlin.collections.CollectionsKt__MutableCollectionsKt                          : loaded 2 times (x 71B)
Class org.jetbrains.plugins.gradle.tooling.serialization.AnnotationProcessingModelSerializationService$WriteContext: loaded 2 times (x 72B)
Class kotlin.reflect.KCallable                                                        : loaded 2 times (x 70B)
Class com.google.common.util.concurrent.AbstractFuture$Trusted                        : loaded 2 times (x 70B)
Class com.intellij.compose.ide.plugin.gradleTooling.rt.ComposeResourcesModel          : loaded 2 times (x 70B)
Class org.jetbrains.plugins.gradle.tooling.serialization.ProjectDependenciesSerializationService$WriteContext: loaded 2 times (x 72B)
Class org.jetbrains.plugins.gradle.tooling.serialization.ProjectDependenciesSerializationService: loaded 2 times (x 77B)
Class org.gradle.tooling.model.kotlin.dsl.KotlinDslScriptModel                        : loaded 2 times (x 70B)
Class org.gradle.tooling.internal.adapter.CollectionMapper                            : loaded 2 times (x 73B)
Class com.google.common.util.concurrent.UncheckedExecutionException                   : loaded 2 times (x 82B)
Class org.gradle.kotlin.dsl.VersionCatalogAccessorsKt                                 : loaded 2 times (x 71B)
Class gnu.trove.THash                                                                 : loaded 2 times (x 81B)
Class com.intellij.gradle.toolingExtension.impl.model.buildScriptClasspathModel.GradleBuildScriptClasspathSerializationService$WriteContext: loaded 2 times (x 72B)
Class org.gradle.tooling.internal.adapter.ProtocolToModelAdapter                      : loaded 2 times (x 80B)
Class org.objectweb.asm.ClassWriter                                                   : loaded 2 times (x 106B)
Class com.google.common.cache.CacheLoader$UnsupportedLoadingOperationException        : loaded 2 times (x 82B)
Class com.google.common.base.CharMatcher$And                                          : loaded 2 times (x 112B)
Class kotlin.collections.MapsKt__MapsJVMKt                                            : loaded 2 times (x 71B)
Class kotlin.collections.EmptyList                                                    : loaded 2 times (x 174B)
Class org.gradle.internal.time.DefaultTimer                                           : loaded 2 times (x 80B)
Class org.gradle.internal.classloader.ClasspathUtil$1                                 : loaded 2 times (x 76B)
Class com.google.common.base.Objects                                                  : loaded 2 times (x 71B)
Class org.objectweb.asm.FieldVisitor                                                  : loaded 2 times (x 77B)
Class com.google.common.collect.IndexedImmutableSet                                   : loaded 2 times (x 150B)
Class com.google.common.collect.ImmutableMap$1                                        : loaded 2 times (x 81B)
Class com.google.common.collect.BiMap                                                 : loaded 2 times (x 70B)
Class org.gradle.tooling.internal.adapter.ProtocolToModelAdapter$ViewKey              : loaded 2 times (x 72B)
Class org.gradle.api.internal.classpath.DefaultModuleRegistry$DefaultModule           : loaded 2 times (x 86B)
Class com.google.common.primitives.Ints                                               : loaded 2 times (x 71B)
Class kotlin.ResultKt                                                                 : loaded 2 times (x 71B)
Class org.gradle.tooling.internal.adapter.ProtocolToModelAdapter$PropertyCachingMethodInvoker: loaded 2 times (x 76B)
Class com.android.builder.model.v2.models.ProjectSyncIssues                           : loaded 2 times (x 70B)
Class com.google.common.math.MathPreconditions                                        : loaded 2 times (x 71B)
Class com.google.common.collect.Multiset                                              : loaded 2 times (x 70B)
Class com.google.common.collect.ArrayListMultimapGwtSerializationDependencies         : loaded 2 times (x 172B)
Class com.google.common.collect.ObjectArrays                                          : loaded 2 times (x 71B)
Class org.jetbrains.plugins.gradle.model.ExternalTask                                 : loaded 2 times (x 70B)
Class kotlin.Result$Failure                                                           : loaded 2 times (x 72B)
Class kotlin.collections.ArraysKt__ArraysKt                                           : loaded 2 times (x 71B)
Class org.gradle.internal.time.DefaultCountdownTimer                                  : loaded 2 times (x 88B)
Class com.google.common.collect.ImmutableMapEntrySet                                  : loaded 2 times (x 151B)
Class org.jetbrains.plugins.gradle.model.GradleTaskModel                              : loaded 2 times (x 70B)
Class org.jetbrains.plugins.gradle.tooling.util.ObjectCollector                       : loaded 2 times (x 72B)
Class kotlin.collections.SetsKt__SetsJVMKt                                            : loaded 2 times (x 71B)
Class kotlin.Function                                                                 : loaded 2 times (x 70B)
Class org.gradle.tooling.internal.adapter.ProtocolToModelAdapter$AdaptingMethodInvoker: loaded 2 times (x 76B)
Class org.gradle.tooling.internal.gradle.DefaultBuildIdentifier                       : loaded 2 times (x 79B)
Class org.gradle.api.internal.classpath.Module                                        : loaded 2 times (x 70B)
Class com.google.common.cache.Weigher                                                 : loaded 2 times (x 70B)
Class com.intellij.openapi.externalSystem.model.project.IExternalSystemSourceType     : loaded 2 times (x 70B)
Class org.gradle.api.internal.classpath.UnknownModuleException                        : loaded 2 times (x 82B)
Class com.google.common.base.Stopwatch                                                : loaded 2 times (x 72B)
Class com.google.common.cache.LocalCache$Strength                                     : loaded 2 times (x 81B)
Class com.google.common.cache.Cache                                                   : loaded 2 times (x 70B)
Class com.intellij.openapi.externalSystem.model.project.dependencies.ProjectDependencies: loaded 2 times (x 70B)
Class org.jetbrains.plugins.gradle.tooling.serialization.ProjectDependenciesSerializationService$ReadContext: loaded 2 times (x 72B)
Class com.google.common.util.concurrent.AbstractFuture$Cancellation                   : loaded 2 times (x 72B)
Class com.google.common.collect.ImmutableMap$Builder                                  : loaded 2 times (x 82B)
Class com.google.common.base.NullnessCasts                                            : loaded 2 times (x 71B)
Class com.google.common.cache.RemovalListener                                         : loaded 2 times (x 70B)
Class org.jetbrains.plugins.gradle.tooling.serialization.RepositoriesModelSerializationService: loaded 2 times (x 82B)
Class com.android.ide.gradle.model.artifacts.AdditionalClassifierArtifactsModel       : loaded 2 times (x 70B)
Class org.gradle.tooling.internal.gradle.GradleProjectIdentity                        : loaded 2 times (x 70B)
Class org.gradle.api.internal.DefaultClassPathRegistry                                : loaded 2 times (x 76B)
Class com.google.common.primitives.IntsMethodsForWeb                                  : loaded 2 times (x 71B)
Class org.jetbrains.plugins.gradle.tooling.serialization.RepositoriesModelSerializationService$ReadContext: loaded 2 times (x 72B)
Class org.gradle.api.internal.ClassPathRegistry                                       : loaded 2 times (x 70B)
Class org.gradle.internal.classpath.DefaultClassPath$ImmutableUniqueList              : loaded 2 times (x 199B)
Class com.google.common.base.ExtraObjectsMethodsForWeb                                : loaded 2 times (x 71B)
Class com.intellij.gradle.toolingExtension.impl.model.projectModel.GradleExternalProjectSerializationService$WriteContext: loaded 2 times (x 73B)
Class com.android.builder.model.v2.models.AndroidProject                              : loaded 2 times (x 70B)
Class com.android.builder.model.v2.AndroidModel                                       : loaded 2 times (x 70B)
Class com.google.common.cache.CacheBuilder                                            : loaded 2 times (x 72B)
Class com.google.common.collect.SingletonImmutableList                                : loaded 2 times (x 207B)
Class Settings_gradle$1                                                               : loaded 2 times (x 74B)
Class kotlin.collections.SetsKt                                                       : loaded 2 times (x 71B)
Class org.gradle.internal.classpath.ClassPath                                         : loaded 2 times (x 70B)
Class com.google.common.collect.ImmutableList$ReverseImmutableList                    : loaded 2 times (x 208B)
Class com.google.common.base.JdkPattern                                               : loaded 2 times (x 75B)
Class org.jetbrains.plugins.gradle.tooling.serialization.KotlinDslScriptsModelSerializationService: loaded 2 times (x 81B)
Class ijInit1_bu1xoundboetzzaej8w2rdb8w                                               : loaded 2 times (x 171B)
Class kotlin.reflect.KFunction                                                        : loaded 2 times (x 70B)
Class kotlin.collections.ArrayDeque                                                   : loaded 2 times (x 207B)
Class org.objectweb.asm.SymbolTable$Entry                                             : loaded 2 times (x 74B)
Class org.jetbrains.kotlin.idea.gradleTooling.KotlinGradleModel                       : loaded 2 times (x 70B)
Class org.jetbrains.plugins.gradle.tooling.serialization.ExternalTestsSerializationService$WriteContext: loaded 2 times (x 72B)
Class kotlin.collections.MapsKt__MapsKt                                               : loaded 2 times (x 71B)
Class org.objectweb.asm.Edge                                                          : loaded 2 times (x 72B)
Class com.google.common.base.Suppliers$SupplierOfInstance                             : loaded 2 times (x 79B)
Class org.gradle.tooling.model.Model                                                  : loaded 2 times (x 70B)
Class com.google.common.cache.LocalCache$ComputingValueReference                      : loaded 2 times (x 96B)
Class com.google.common.collect.SingletonImmutableSet                                 : loaded 2 times (x 146B)
Class com.google.common.collect.ImmutableMap$IteratorBasedImmutableMap                : loaded 2 times (x 125B)
Class com.android.ide.gradle.model.composites.BuildMap                                : loaded 2 times (x 70B)
Class kotlin.Metadata                                                                 : loaded 2 times (x 70B)
Class kotlin.UninitializedPropertyAccessException                                     : loaded 2 times (x 82B)
Class com.android.builder.model.v2.models.Versions                                    : loaded 2 times (x 70B)
Class com.google.common.cache.LocalCache$Segment                                      : loaded 2 times (x 154B)
Class org.jetbrains.plugins.gradle.model.IntelliJProjectSettings                      : loaded 2 times (x 70B)
Class sync_studio_tooling_4da8ftpkq17h0v9a6xv33s2pw                                   : loaded 2 times (x 171B)
Class org.gradle.tooling.internal.adapter.ProtocolToModelAdapter$MethodInvocationCache: loaded 2 times (x 73B)
Class com.android.builder.model.v2.models.ndk.NativeModule                            : loaded 2 times (x 70B)
Class [Lorg.objectweb.asm.SymbolTable$Entry;                                          : loaded 2 times (x 69B)
Class com.google.common.cache.CacheLoader                                             : loaded 2 times (x 74B)
Class com.google.common.collect.ImmutableBiMap                                        : loaded 2 times (x 143B)
Class com.google.common.collect.AbstractListMultimap                                  : loaded 2 times (x 172B)
Class org.jetbrains.plugins.gradle.model.ExternalDependency                           : loaded 2 times (x 70B)
Class com.intellij.util.containers.IntObjectHashMap                                   : loaded 2 times (x 72B)
Class org.gradle.api.internal.classpath.ModuleRegistry                                : loaded 2 times (x 70B)
Class org.gradle.internal.installation.GradleInstallation$1                           : loaded 2 times (x 75B)
Class com.google.common.util.concurrent.internal.InternalFutureFailureAccess          : loaded 2 times (x 72B)
Class com.google.common.collect.ImmutableSet$JdkBackedSetBuilderImpl                  : loaded 2 times (x 76B)
Class com.google.common.base.Splitter$SplittingIterator                               : loaded 2 times (x 84B)
Class org.jetbrains.plugins.gradle.model.VersionCatalogsModel                         : loaded 2 times (x 70B)
Class com.intellij.gradle.toolingExtension.impl.model.sourceSetDependencyModel.GradleSourceSetDependencySerialisationService$SourceSetDependencyModelReadContext: loaded 2 times (x 72B)
Class com.intellij.gradle.toolingExtension.impl.model.dependencyModel.DependencyReadContext: loaded 2 times (x 72B)
Class org.gradle.tooling.internal.adapter.ObjectGraphAdapter                          : loaded 2 times (x 70B)
Class com.google.common.cache.LocalCache$LocalManualCache$1                           : loaded 2 times (x 75B)
Class com.google.common.base.CharMatcher$ForPredicate                                 : loaded 2 times (x 112B)
Class org.jetbrains.plugins.gradle.model.ProjectImportModelProvider                   : loaded 2 times (x 70B)
Class org.jetbrains.plugins.gradle.model.ExternalSourceSet                            : loaded 2 times (x 70B)
Class com.intellij.gradle.toolingExtension.impl.model.warmUp.GradleTaskWarmUpRequest  : loaded 2 times (x 70B)
Class kotlin.text.RegexKt                                                             : loaded 2 times (x 71B)
Class kotlin.coroutines.intrinsics.IntrinsicsKt__IntrinsicsKt                         : loaded 2 times (x 71B)
Class com.google.common.base.CharMatcher$AnyOf                                        : loaded 2 times (x 112B)
Class com.intellij.gradle.toolingExtension.impl.model.sourceSetArtifactIndex.GradleSourceSetArtifactBuildRequest: loaded 2 times (x 70B)
Class kotlin.collections.CollectionsKt__CollectionsJVMKt                              : loaded 2 times (x 71B)
Class org.gradle.api.internal.classpath.DefaultModuleRegistry                         : loaded 2 times (x 86B)
Class com.google.common.util.concurrent.ListenableFuture                              : loaded 2 times (x 70B)
Class com.google.common.cache.ReferenceEntry                                          : loaded 2 times (x 70B)
Class com.google.common.base.Converter                                                : loaded 2 times (x 90B)
Class org.jetbrains.plugins.gradle.tooling.serialization.internal.IdeaProjectSerializationService$WriteContext$1: loaded 2 times (x 83B)
Class org.jetbrains.plugins.gradle.model.ExternalProject                              : loaded 2 times (x 70B)
Class kotlin.sequences.SequencesKt                                                    : loaded 2 times (x 71B)
Class kotlin.collections.CollectionsKt__IteratorsKt                                   : loaded 2 times (x 71B)
Class com.google.common.util.concurrent.AbstractFuture                                : loaded 2 times (x 106B)
Class com.google.common.base.FunctionalEquivalence                                    : loaded 2 times (x 83B)
Class com.google.common.collect.AbstractMapBasedMultimap                              : loaded 2 times (x 139B)
Class org.jetbrains.plugins.gradle.tooling.serialization.internal.IdeaProjectSerializationService$WriteContext$2: loaded 2 times (x 83B)
Class org.objectweb.asm.RecordComponentVisitor                                        : loaded 2 times (x 77B)
Class com.google.common.cache.CacheLoader$SupplierToCacheLoader                       : loaded 2 times (x 75B)
Class org.jetbrains.plugins.gradle.tooling.serialization.AnnotationProcessingModelSerializationService$ReadContext: loaded 2 times (x 72B)
Class org.jetbrains.plugins.gradle.tooling.serialization.internal.IdeaProjectSerializationService$WriteContext$3: loaded 2 times (x 83B)
Class gnu.trove.TObjectHash$NULL                                                      : loaded 2 times (x 71B)
Class kotlin.coroutines.jvm.internal.RestrictedContinuationImpl                       : loaded 2 times (x 87B)
Class org.jetbrains.kotlin.idea.gradleTooling.AndroidAwareGradleModelProvider         : loaded 2 times (x 79B)
Class org.jetbrains.plugins.gradle.tooling.serialization.internal.IdeaProjectSerializationService$WriteContext$4: loaded 2 times (x 83B)
Class com.intellij.gradle.toolingExtension.impl.model.sourceSetDependencyModel.GradleSourceSetDependencySerialisationService$Companion: loaded 2 times (x 71B)
Class kotlin.text.MatchNamedGroupCollection                                           : loaded 2 times (x 70B)
Class kotlin.jvm.internal.markers.KMutableList                                        : loaded 2 times (x 70B)
Class org.gradle.internal.time.MonotonicClock                                         : loaded 2 times (x 77B)
Class org.gradle.internal.service.ServiceLookupException                              : loaded 2 times (x 82B)
Class [Lcom.google.common.cache.LocalCache$EntryFactory;                              : loaded 2 times (x 69B)
Class com.intellij.gradle.toolingExtension.util.GradleVersionSpecificsUtil            : loaded 2 times (x 71B)
Class org.jetbrains.plugins.gradle.tooling.serialization.internal.IdeaProjectSerializationService$WriteContext$5: loaded 2 times (x 83B)
Class com.intellij.gradle.toolingExtension.impl.model.sourceSetDependencyModel.GradleSourceSetDependencySerialisationService$SourceSetDependencyModelWriteContext: loaded 2 times (x 72B)
Class org.gradle.internal.classloader.ClassLoaderFactory                              : loaded 2 times (x 70B)
Class com.google.common.cache.LocalCache$LocalManualCache                             : loaded 2 times (x 99B)
Class com.google.common.base.CharMatcher$IsNot                                        : loaded 2 times (x 111B)
Class com.google.common.base.CommonPattern                                            : loaded 2 times (x 74B)
Class org.jetbrains.plugins.gradle.tooling.serialization.internal.IdeaProjectSerializationService$WriteContext$6: loaded 2 times (x 83B)
Class org.jetbrains.plugins.gradle.tooling.util.IntObjectMap                          : loaded 2 times (x 73B)
Class org.gradle.internal.service.CachingServiceLocator                               : loaded 2 times (x 82B)
Class com.google.common.math.IntMath                                                  : loaded 2 times (x 71B)
Class org.jetbrains.plugins.gradle.model.RepositoryModels                             : loaded 2 times (x 70B)
Class org.jetbrains.plugins.gradle.tooling.serialization.internal.IdeaProjectSerializationService$WriteContext$7: loaded 2 times (x 83B)
Class kotlin.jvm.internal.CallableReference                                           : loaded 2 times (x 106B)
Class org.objectweb.asm.commons.InstructionAdapter                                    : loaded 2 times (x 188B)
Class com.google.common.collect.ImmutableMapEntry                                     : loaded 2 times (x 85B)
Class org.jetbrains.plugins.gradle.tooling.serialization.internal.IdeaProjectSerializationService$WriteContext$8: loaded 2 times (x 83B)
Class gnu.trove.TObjectIntProcedure                                                   : loaded 2 times (x 70B)
Class org.gradle.tooling.model.idea.IdeaDependencyScope                               : loaded 2 times (x 70B)
Class org.gradle.internal.time.TimeSource                                             : loaded 2 times (x 70B)
Class org.gradle.tooling.model.kotlin.dsl.KotlinDslScriptsModel                       : loaded 2 times (x 70B)
Class com.google.common.base.Equivalence                                              : loaded 2 times (x 82B)
Class com.google.common.collect.ImmutableMapEntry$NonTerminalImmutableMapEntry        : loaded 2 times (x 85B)
Class com.google.common.base.Function                                                 : loaded 2 times (x 70B)
Class org.jetbrains.plugins.gradle.tooling.serialization.SerializationService         : loaded 2 times (x 70B)
Class org.gradle.tooling.internal.gradle.GradleBuildIdentity                          : loaded 2 times (x 70B)
Class kotlin.enums.EnumEntries                                                        : loaded 2 times (x 70B)
Class com.google.common.cache.CacheBuilder$OneWeigher                                 : loaded 2 times (x 82B)
Class org.jetbrains.plugins.gradle.tooling.serialization.internal.adapter.Supplier    : loaded 2 times (x 70B)
Class org.gradle.tooling.internal.adapter.ProtocolToModelAdapter$MixInMappingAction   : loaded 2 times (x 80B)
Class org.gradle.internal.exceptions.ResolutionProvider                               : loaded 2 times (x 70B)
Class org.gradle.tooling.model.idea.IdeaCompilerOutput                                : loaded 2 times (x 70B)
Class org.gradle.tooling.model.ProjectIdentifier                                      : loaded 2 times (x 70B)
Class org.gradle.internal.classloader.ClasspathUtil                                   : loaded 2 times (x 71B)
Class org.jetbrains.kotlin.tooling.core.HasExtras                                     : loaded 2 times (x 70B)
Class com.google.common.util.concurrent.Uninterruptibles                              : loaded 2 times (x 71B)
Class com.intellij.gradle.toolingExtension.impl.model.sourceSetModel.GradleSourceSetSerialisationService: loaded 2 times (x 77B)
Class com.google.common.collect.Maps                                                  : loaded 2 times (x 71B)
Class ijInit1_bu1xoundboetzzaej8w2rdb8w$_run_closure1                                 : loaded 2 times (x 140B)
Class org.gradle.internal.time.TimeSource$1                                           : loaded 2 times (x 77B)
Class kotlin.jvm.internal.DefaultConstructorMarker                                    : loaded 2 times (x 71B)
Class org.gradle.api.specs.Spec                                                       : loaded 2 times (x 70B)
Class [Lcom.google.common.collect.ImmutableEntry;                                     : loaded 2 times (x 69B)
Class com.google.common.cache.LocalCache$LoadingValueReference                        : loaded 2 times (x 96B)
Class com.intellij.gradle.toolingExtension.impl.model.buildScriptClasspathModel.GradleBuildScriptClasspathSerializationService: loaded 2 times (x 77B)
Class com.google.common.base.Platform                                                 : loaded 2 times (x 71B)
Class org.jetbrains.plugins.gradle.model.FileCollectionDependency                     : loaded 2 times (x 70B)
Class com.intellij.gradle.toolingExtension.impl.model.utilDummyModel.DummyModel       : loaded 2 times (x 70B)
Class org.gradle.internal.time.Clock                                                  : loaded 2 times (x 70B)
Class [Lorg.objectweb.asm.AnnotationWriter;                                           : loaded 2 times (x 69B)
Class com.google.common.collect.Maps$8                                                : loaded 2 times (x 82B)
Class org.jetbrains.plugins.gradle.model.GradleSourceSetDependencyModel               : loaded 2 times (x 70B)
Class kotlin.sequences.SequencesKt__SequencesJVMKt                                    : loaded 2 times (x 71B)
Class kotlin.coroutines.jvm.internal.RestrictedSuspendLambda                          : loaded 2 times (x 91B)
Class org.gradle.tooling.internal.adapter.TypeInspector                               : loaded 2 times (x 73B)
Class org.gradle.tooling.internal.adapter.ProtocolToModelAdapter$NoOpDecoration       : loaded 2 times (x 79B)
Class org.gradle.tooling.model.Element                                                : loaded 2 times (x 70B)
Class kotlin.collections.AbstractList                                                 : loaded 2 times (x 197B)
Class kotlin.collections.AbstractCollection                                           : loaded 2 times (x 117B)
Class com.google.common.collect.ImmutableRangeSet$Builder                             : loaded 2 times (x 77B)
Class org.jetbrains.kotlin.tooling.core.Extras                                        : loaded 2 times (x 70B)
Class com.google.common.collect.Sets$SetView                                          : loaded 2 times (x 138B)
Class com.google.common.cache.LocalCache$StrongValueReference                         : loaded 2 times (x 90B)
Class com.intellij.gradle.toolingExtension.impl.model.taskModel.GradleTaskSerialisationService: loaded 2 times (x 76B)
Class com.android.ide.gradle.model.LegacyV1AgpVersionModel                            : loaded 2 times (x 70B)
Class kotlin.text.Regex                                                               : loaded 2 times (x 72B)
Class kotlin.sequences.SequencesKt__SequenceBuilderKt$sequence$$inlined$Sequence$1    : loaded 2 times (x 75B)
Class kotlin.Triple                                                                   : loaded 2 times (x 72B)
Class org.objectweb.asm.Type                                                          : loaded 2 times (x 72B)
Class org.jetbrains.plugins.gradle.tooling.util.IntObjectMap$1                        : loaded 2 times (x 77B)
Class org.gradle.internal.classloader.VisitableURLClassLoader$InstrumentingVisitableURLClassLoader: loaded 2 times (x 123B)
Class org.objectweb.asm.ByteVector                                                    : loaded 2 times (x 79B)
Class [Lcom.google.common.cache.CacheBuilder$NullListener;                            : loaded 2 times (x 69B)
Class com.google.common.math.IntMath$1                                                : loaded 2 times (x 71B)
Class kotlin.ranges.RangesKt__RangesKt                                                : loaded 2 times (x 71B)
Class kotlin.collections.SetsKt___SetsKt                                              : loaded 2 times (x 71B)
Class kotlin.sequences.SequencesKt__SequencesKt                                       : loaded 2 times (x 71B)
Class kotlin.coroutines.Continuation                                                  : loaded 2 times (x 70B)
Class org.gradle.internal.classloader.VisitableURLClassLoader$Spec                    : loaded 2 times (x 74B)
Class org.gradle.internal.classpath.DefaultClassPath                                  : loaded 2 times (x 90B)
Class org.objectweb.asm.Symbol                                                        : loaded 2 times (x 73B)
Class com.google.common.base.AbstractIterator                                         : loaded 2 times (x 80B)
Class org.jetbrains.plugins.gradle.model.GradleBuildScriptClasspathModel              : loaded 2 times (x 70B)
Class kotlin.coroutines.jvm.internal.BaseContinuationImpl                             : loaded 2 times (x 87B)
Class kotlin.Result$Companion                                                         : loaded 2 times (x 71B)
Class org.gradle.util.internal.DefaultGradleVersion                                   : loaded 2 times (x 82B)
Class com.google.common.collect.RegularImmutableMap$Values                            : loaded 2 times (x 207B)
Class com.google.common.base.CharMatcher$BitSetMatcher                                : loaded 2 times (x 112B)
Class org.gradle.internal.classloader.ClassLoaderSpec                                 : loaded 2 times (x 71B)
Class org.objectweb.asm.AnnotationWriter                                              : loaded 2 times (x 79B)
Class com.google.common.cache.CacheStats                                              : loaded 2 times (x 71B)
Class kotlin.jvm.internal.FunctionReferenceImpl                                       : loaded 2 times (x 122B)
Class kotlin.collections.CollectionsKt___CollectionsJvmKt                             : loaded 2 times (x 71B)
Class org.objectweb.asm.RecordComponentWriter                                         : loaded 2 times (x 78B)
Class com.google.common.util.concurrent.AbstractFuture$Listener                       : loaded 2 times (x 72B)
Class com.google.common.base.CharMatcher$Or                                           : loaded 2 times (x 112B)
Class Settings_gradle$1$1                                                             : loaded 2 times (x 74B)
Class kotlin.TuplesKt                                                                 : loaded 2 times (x 71B)
Class kotlin.jvm.internal.markers.KMutableIterable                                    : loaded 2 times (x 70B)
Class kotlin.Unit                                                                     : loaded 2 times (x 71B)
Class kotlin.sequences.SequencesKt___SequencesJvmKt                                   : loaded 2 times (x 71B)
Class org.gradle.tooling.internal.adapter.ProtocolToModelAdapter$DefaultViewBuilder   : loaded 2 times (x 80B)
Class org.objectweb.asm.Attribute                                                     : loaded 2 times (x 77B)
Class com.google.common.base.Supplier                                                 : loaded 2 times (x 70B)
Class kotlin.ranges.RangesKt                                                          : loaded 2 times (x 71B)
Class org.gradle.tooling.internal.adapter.ProtocolToModelAdapter$ViewGraphDetails$1   : loaded 2 times (x 77B)
Class org.gradle.internal.classloader.VisitableURLClassLoader                         : loaded 2 times (x 117B)
Class Settings_gradle                                                                 : loaded 2 times (x 124B)
Class org.jetbrains.plugins.gradle.tooling.serialization.ExternalTestsSerializationService$ReadContext: loaded 2 times (x 72B)
Class kotlin.sequences.FlatteningSequence$iterator$1                                  : loaded 2 times (x 79B)
Class kotlin.jvm.functions.Function0                                                  : loaded 2 times (x 70B)
Class kotlin.collections.ArraysUtilJVM                                                : loaded 2 times (x 71B)
Class org.gradle.tooling.model.idea.IdeaDependency                                    : loaded 2 times (x 70B)
Class com.google.common.collect.Sets                                                  : loaded 2 times (x 71B)
Class org.objectweb.asm.Handler                                                       : loaded 2 times (x 72B)
Class com.google.common.base.Ticker                                                   : loaded 2 times (x 72B)
Class com.google.common.base.Strings                                                  : loaded 2 times (x 71B)
Class com.google.common.base.CharMatcher$FastMatcher                                  : loaded 2 times (x 111B)
Class kotlin.collections.AbstractMutableList                                          : loaded 2 times (x 206B)
Class kotlin.jvm.functions.Function1                                                  : loaded 2 times (x 70B)
Class [Lcom.google.common.cache.LocalCache$Segment;                                   : loaded 2 times (x 69B)
Class [Lcom.google.common.cache.LocalCache$Strength;                                  : loaded 2 times (x 69B)
Class com.google.common.cache.CacheBuilder$1                                          : loaded 2 times (x 85B)
Class com.google.common.collect.ImmutableMap                                          : loaded 2 times (x 120B)
Class org.jetbrains.plugins.gradle.tooling.serialization.internal.IdeaProjectSerializationService$WriteContext: loaded 2 times (x 72B)
Class com.intellij.gradle.toolingExtension.impl.model.sourceSetDependencyModel.GradleSourceSetDependencySerialisationService: loaded 2 times (x 77B)
Class org.jetbrains.plugins.gradle.model.GradleSourceSetModel                         : loaded 2 times (x 70B)
Class kotlin.jvm.functions.Function2                                                  : loaded 2 times (x 70B)
Class org.gradle.internal.classpath.DefaultClassPath$ImmutableUniqueList$Builder      : loaded 2 times (x 75B)
Class com.google.common.cache.LocalCache                                              : loaded 2 times (x 187B)
Class com.google.common.cache.CacheBuilder$2                                          : loaded 2 times (x 72B)
Class com.google.common.base.CharMatcher$NegatedFastMatcher                           : loaded 2 times (x 113B)
Class com.android.ide.gradle.model.dependencies.Coordinates                           : loaded 2 times (x 70B)
Class kotlin.collections.MapsKt___MapsJvmKt                                           : loaded 2 times (x 71B)
Class org.gradle.tooling.internal.adapter.WeakIdentityHashMap$AbsentValueProvider     : loaded 2 times (x 70B)
Class [Lcom.google.common.collect.AbstractMapEntry;                                   : loaded 2 times (x 69B)
Class com.google.common.collect.ImmutableEntry                                        : loaded 2 times (x 82B)
Class com.google.common.collect.ArrayListMultimap                                     : loaded 2 times (x 172B)
Class gnu.trove.TObjectHash                                                           : loaded 2 times (x 94B)
Class org.jetbrains.plugins.gradle.tooling.util.ObjectCollector$Processor             : loaded 2 times (x 70B)
Class kotlin.annotation.Target                                                        : loaded 2 times (x 70B)
Class kotlin.collections.CollectionsKt___CollectionsKt                                : loaded 2 times (x 71B)
Class org.gradle.internal.exceptions.NonGradleCauseExceptionsHolder                   : loaded 2 times (x 70B)
Class org.gradle.tooling.model.idea.IdeaModuleDependency                              : loaded 2 times (x 70B)
Class org.gradle.tooling.internal.adapter.ViewBuilder                                 : loaded 2 times (x 70B)
Class com.google.common.collect.CollectPreconditions                                  : loaded 2 times (x 71B)
Class org.jetbrains.plugins.gradle.model.AnnotationProcessingConfig                   : loaded 2 times (x 70B)
Class gnu.trove.Equality                                                              : loaded 2 times (x 70B)
Class kotlin.reflect.KDeclarationContainer                                            : loaded 2 times (x 70B)
Class kotlin.annotation.Retention                                                     : loaded 2 times (x 70B)
Class com.android.builder.model.v2.models.Versions$Version                            : loaded 2 times (x 70B)
Class com.google.common.collect.SortedMapDifference                                   : loaded 2 times (x 70B)
Class org.jetbrains.plugins.gradle.tooling.ModelBuilderService$Parameter              : loaded 2 times (x 70B)
Class kotlin.collections.MapsKt___MapsKt                                              : loaded 2 times (x 71B)
Class kotlin.collections.ArraysKt___ArraysKt                                          : loaded 2 times (x 71B)
Class com.google.common.cache.LocalCache$EntryFactory                                 : loaded 2 times (x 83B)
Class gnu.trove.TObjectHashingStrategy                                                : loaded 2 times (x 70B)
Class sync_studio_tooling_4da8ftpkq17h0v9a6xv33s2pw$_run_closure1                     : loaded 2 times (x 139B)
Class kotlin.collections.MapsKt__MapWithDefaultKt                                     : loaded 2 times (x 71B)
Class org.gradle.tooling.internal.adapter.ProtocolToModelAdapter$ReflectionMethodInvoker: loaded 2 times (x 76B)
Class org.jetbrains.kotlin.tooling.core.HasMutableExtras                              : loaded 2 times (x 70B)
Class com.google.common.cache.LocalCache$AbstractReferenceEntry                       : loaded 2 times (x 107B)
Class com.google.common.base.CharMatcher$Whitespace                                   : loaded 2 times (x 112B)
Class kotlin.collections.CollectionsKt__MutableCollectionsJVMKt                       : loaded 2 times (x 71B)
Class kotlin.enums.EnumEntriesKt                                                      : loaded 2 times (x 71B)
Class com.android.builder.model.v2.models.VariantDependencies                         : loaded 2 times (x 70B)
Class org.objectweb.asm.SymbolTable                                                   : loaded 2 times (x 72B)
Class com.google.common.cache.CacheLoader$InvalidCacheLoadException                   : loaded 2 times (x 82B)
Class com.google.common.collect.ImmutableSet$RegularSetBuilderImpl                    : loaded 2 times (x 77B)
Class com.intellij.gradle.toolingExtension.model.repositoryModel.ProjectRepositoriesModel: loaded 2 times (x 70B)
Class org.jetbrains.plugins.gradle.model.GradleProperty                               : loaded 2 times (x 70B)
Class gnu.trove.TObjectCanonicalHashingStrategy                                       : loaded 2 times (x 78B)
Class org.gradle.internal.classloader.SystemClassLoaderSpec                           : loaded 2 times (x 71B)
Class com.google.common.cache.LocalCache$StrongEntry                                  : loaded 2 times (x 108B)
Class com.google.common.util.concurrent.AbstractFuture$TrustedFuture                  : loaded 2 times (x 114B)
Class com.google.common.cache.LoadingCache                                            : loaded 2 times (x 70B)
Class kotlin.text.MatcherMatchResult$groups$1                                         : loaded 2 times (x 151B)
Class kotlin.collections.EmptyMap                                                     : loaded 2 times (x 108B)
Class kotlin.reflect.KAnnotatedElement                                                : loaded 2 times (x 70B)
Class kotlin.jvm.internal.markers.KMutableCollection                                  : loaded 2 times (x 70B)
Class kotlin.coroutines.intrinsics.IntrinsicsKt                                       : loaded 2 times (x 71B)
Class org.gradle.internal.exceptions.MultiCauseException                              : loaded 2 times (x 70B)
Class org.gradle.internal.time.CountdownTimer                                         : loaded 2 times (x 70B)
Class kotlin.jvm.internal.Intrinsics                                                  : loaded 2 times (x 71B)
Class org.objectweb.asm.MethodWriter                                                  : loaded 2 times (x 106B)
Class [Lcom.google.common.cache.Weigher;                                              : loaded 2 times (x 69B)
Class com.google.common.collect.RegularImmutableMap$BucketOverflowException           : loaded 2 times (x 82B)
Class com.intellij.gradle.toolingExtension.impl.model.projectModel.GradleExternalProjectSerializationService$ReadContext: loaded 2 times (x 73B)
Class com.intellij.gradle.toolingExtension.impl.model.dependencyModel.DependencyWriteContext: loaded 2 times (x 72B)
Class kotlin.collections.MapsKt                                                       : loaded 2 times (x 71B)
Class kotlin.coroutines.intrinsics.CoroutineSingletons                                : loaded 2 times (x 79B)
Class kotlin.collections.CollectionsKt__IterablesKt                                   : loaded 2 times (x 71B)
Class org.gradle.tooling.model.ProjectModel                                           : loaded 2 times (x 70B)
Class kotlin.sequences.SequenceBuilderIterator                                        : loaded 2 times (x 85B)
Class kotlin.KotlinNullPointerException                                               : loaded 2 times (x 83B)
Class com.google.common.collect.RegularImmutableBiMap                                 : loaded 2 times (x 148B)
Class com.google.common.cache.LocalCache$ValueReference                               : loaded 2 times (x 70B)
Class com.google.common.base.CharMatcher$Is                                           : loaded 2 times (x 111B)
Class com.google.common.base.CharMatcher$Negated                                      : loaded 2 times (x 113B)
Class org.jetbrains.plugins.gradle.model.tests.ExternalTestsModel                     : loaded 2 times (x 70B)
Class kotlin.ranges.RangesKt___RangesKt                                               : loaded 2 times (x 71B)
Class org.gradle.tooling.model.idea.IdeaLanguageLevel                                 : loaded 2 times (x 70B)
Class org.gradle.tooling.internal.adapter.ProtocolToModelAdapter$SafeMethodInvoker    : loaded 2 times (x 76B)
Class org.gradle.tooling.internal.adapter.WeakIdentityHashMap$WeakKey                 : loaded 2 times (x 79B)
Class org.gradle.internal.exceptions.DefaultMultiCauseException                       : loaded 2 times (x 95B)
Class com.google.common.util.concurrent.AbstractFuture$Failure                        : loaded 2 times (x 72B)
Class com.google.common.base.Equivalence$Equals                                       : loaded 2 times (x 82B)
Class com.google.common.collect.Hashing                                               : loaded 2 times (x 71B)
Class com.google.common.base.PatternCompiler                                          : loaded 2 times (x 70B)
Class com.intellij.gradle.toolingExtension.impl.model.projectModel.GradleExternalProjectSerializationService: loaded 2 times (x 77B)
Class kotlin.collections.ArrayDeque$Companion                                         : loaded 2 times (x 71B)
Class kotlin.collections.ArraysKt                                                     : loaded 2 times (x 71B)
Class org.gradle.tooling.model.HierarchicalElement                                    : loaded 2 times (x 70B)
Class com.google.common.base.Joiner$1                                                 : loaded 2 times (x 80B)
Class org.objectweb.asm.Label                                                         : loaded 2 times (x 73B)
Class org.objectweb.asm.CurrentFrame                                                  : loaded 2 times (x 73B)
Class org.objectweb.asm.ClassTooLargeException                                        : loaded 2 times (x 83B)
Class com.google.common.base.CharMatcher                                              : loaded 2 times (x 111B)
Class org.jetbrains.plugins.gradle.tooling.serialization.ExternalTestsSerializationService: loaded 2 times (x 77B)
Class kotlin.collections.SetsKt__SetsKt                                               : loaded 2 times (x 71B)
Class kotlin.coroutines.EmptyCoroutineContext                                         : loaded 2 times (x 77B)
Class org.gradle.internal.time.Time                                                   : loaded 2 times (x 71B)
Class com.android.builder.model.v2.models.ProjectGraph                                : loaded 2 times (x 70B)
Class com.google.common.base.Joiner$2                                                 : loaded 2 times (x 79B)
Class org.objectweb.asm.Frame                                                         : loaded 2 times (x 73B)
Class org.objectweb.asm.MethodVisitor                                                 : loaded 2 times (x 105B)
Class com.google.common.cache.LocalCache$EntryFactory$1                               : loaded 2 times (x 83B)
Class [Lcom.google.common.cache.RemovalListener;                                      : loaded 2 times (x 69B)
Class com.google.common.base.CharMatcher$1                                            : loaded 2 times (x 113B)
Class com.google.common.base.CharMatcher$NamedFastMatcher                             : loaded 2 times (x 112B)
Class org.jetbrains.plugins.gradle.tooling.serialization.AnnotationProcessingModelSerializationService: loaded 2 times (x 77B)
Class kotlin.collections.ArraysKt__ArraysJVMKt                                        : loaded 2 times (x 71B)
Class com.google.common.cache.LocalCache$EntryFactory$2                               : loaded 2 times (x 83B)
Class org.jetbrains.plugins.gradle.model.DependencyAccessorsModel                     : loaded 2 times (x 70B)
Class [Lcom.intellij.openapi.externalSystem.model.project.dependencies.ResolutionState;: loaded 2 times (x 69B)
Class gnu.trove.TObjectIntHashMap                                                     : loaded 2 times (x 109B)
Class kotlin.jvm.internal.CallableReference$NoReceiver                                : loaded 2 times (x 71B)
Class org.gradle.api.internal.classpath.GlobalCacheRootsProvider                      : loaded 2 times (x 70B)
Class com.google.common.collect.CollectCollectors                                     : loaded 2 times (x 71B)
Class org.objectweb.asm.ModuleWriter                                                  : loaded 2 times (x 82B)
Class com.google.common.cache.LocalCache$EntryFactory$3                               : loaded 2 times (x 83B)
Class com.google.common.base.Ticker$1                                                 : loaded 2 times (x 72B)
Class com.google.common.collect.ImmutableMapEntrySet$RegularEntrySet                  : loaded 2 times (x 151B)
Class com.google.common.collect.Maps$BiMapConverter                                   : loaded 2 times (x 90B)
Class org.jetbrains.kotlin.idea.gradleTooling.KotlinMPPGradleModel                    : loaded 2 times (x 70B)
Class com.intellij.gradle.toolingExtension.impl.model.dependencyDownloadPolicyModel.GradleDependencyDownloadPolicy: loaded 2 times (x 70B)
Class org.gradle.tooling.model.BuildIdentifier                                        : loaded 2 times (x 70B)
Class kotlin.NoWhenBranchMatchedException                                             : loaded 2 times (x 82B)
Class com.google.common.cache.LocalCache$EntryFactory$4                               : loaded 2 times (x 83B)
Class com.google.common.collect.ImmutableSet$Builder                                  : loaded 2 times (x 85B)
Class com.google.common.base.CharMatcher$InRange                                      : loaded 2 times (x 111B)
Class org.jetbrains.kotlin.idea.gradleTooling.PrepareKotlinIdeImportTaskModel         : loaded 2 times (x 70B)
Class com.android.builder.model.v2.models.VariantDependenciesFlatList                 : loaded 2 times (x 70B)
Class com.google.common.cache.LocalCache$EntryFactory$5                               : loaded 2 times (x 83B)
Class com.android.ide.gradle.model.GradlePluginModel                                  : loaded 2 times (x 70B)
Class org.gradle.tooling.model.build.JavaEnvironment                                  : loaded 2 times (x 70B)
Class com.google.common.cache.LocalCache$EntryFactory$6                               : loaded 2 times (x 83B)
Class org.gradle.internal.time.Timer                                                  : loaded 2 times (x 70B)
Class kotlin.jvm.internal.markers.KMappedMarker                                       : loaded 2 times (x 70B)
Class org.gradle.internal.installation.CurrentGradleInstallationLocator               : loaded 2 times (x 71B)
Class com.google.common.cache.LocalCache$EntryFactory$7                               : loaded 2 times (x 83B)
Class com.google.common.collect.ImmutableSet$EmptySetBuilderImpl                      : loaded 2 times (x 76B)
Class org.gradle.tooling.internal.adapter.ProtocolToModelAdapter$ViewGraphDetails     : loaded 2 times (x 72B)
Class org.gradle.tooling.model.idea.IdeaProject                                       : loaded 2 times (x 70B)
Class org.gradle.tooling.model.DomainObjectSet                                        : loaded 2 times (x 70B)
Class org.gradle.internal.service.DefaultServiceLocator                               : loaded 2 times (x 83B)
Class com.google.common.cache.LocalCache$EntryFactory$8                               : loaded 2 times (x 83B)
Class com.google.common.collect.ImmutableSet$SetBuilderImpl                           : loaded 2 times (x 76B)
Class kotlin.coroutines.jvm.internal.SuspendFunction                                  : loaded 2 times (x 70B)
Class org.gradle.util.GradleVersion                                                   : loaded 2 times (x 81B)
Class org.gradle.internal.installation.CurrentGradleInstallation                      : loaded 2 times (x 73B)
Class com.google.common.cache.CacheLoader$1                                           : loaded 2 times (x 75B)
Class org.jetbrains.plugins.gradle.javaModel.JavaGradleManifestModel                  : loaded 2 times (x 70B)
Class org.jetbrains.plugins.gradle.tooling.serialization.GradleExtensionsSerializationService$WriteContext: loaded 2 times (x 72B)
Class com.intellij.gradle.toolingExtension.impl.model.taskModel.GradleTaskSerialisationService$Companion: loaded 2 times (x 71B)
Class kotlin.coroutines.intrinsics.IntrinsicsKt__IntrinsicsJvmKt                      : loaded 2 times (x 71B)
Class kotlin.coroutines.jvm.internal.CoroutineStackFrame                              : loaded 2 times (x 70B)
Class org.gradle.tooling.internal.adapter.ProtocolToModelAdapter$MethodInvocationCache$MethodInvocationKey: loaded 2 times (x 73B)
Class org.gradle.util.internal.GUtil                                                  : loaded 2 times (x 71B)
Class com.google.common.cache.AbstractCache$StatsCounter                              : loaded 2 times (x 70B)
Class com.intellij.gradle.toolingExtension.impl.model.utilTurnOffDefaultTasksModel.TurnOffDefaultTasks: loaded 2 times (x 70B)
Class com.intellij.gradle.toolingExtension.impl.model.sourceSetModel.GradleSourceSetSerialisationService$SourceSetModelReadContext: loaded 2 times (x 72B)
Class kotlin.collections.CollectionsKt                                                : loaded 2 times (x 71B)
Class com.google.common.collect.RegularImmutableSet                                   : loaded 2 times (x 148B)
Class com.intellij.gradle.toolingExtension.impl.model.sourceSetModel.GradleSourceSetSerialisationService$SourceSetModelWriteContext: loaded 2 times (x 72B)
Class kotlin.coroutines.CoroutineContext                                              : loaded 2 times (x 70B)
Class kotlin.coroutines.jvm.internal.DebugProbesKt                                    : loaded 2 times (x 71B)
Class org.gradle.tooling.internal.adapter.WeakIdentityHashMap                         : loaded 2 times (x 76B)
Class org.gradle.tooling.internal.adapter.ProtocolToModelAdapter$1                    : loaded 2 times (x 75B)
Class org.gradle.tooling.internal.adapter.ProtocolToModelAdapter$ViewDecoration       : loaded 2 times (x 70B)
Class org.gradle.internal.installation.GradleInstallation                             : loaded 2 times (x 75B)
Class com.google.common.collect.Iterables                                             : loaded 2 times (x 71B)
Class com.google.common.base.Splitter$Strategy                                        : loaded 2 times (x 70B)
Class org.jetbrains.plugins.gradle.tooling.serialization.GradleExtensionsSerializationService$ReadContext: loaded 2 times (x 72B)
Class org.gradle.tooling.internal.adapter.MethodInvoker                               : loaded 2 times (x 70B)
Class org.jetbrains.plugins.gradle.tooling.serialization.RepositoriesModelSerializationService$WriteContext: loaded 2 times (x 72B)
Class com.android.ide.gradle.model.LegacyAndroidGradlePluginProperties                : loaded 2 times (x 70B)
Class kotlin.jvm.KotlinReflectionNotSupportedError                                    : loaded 2 times (x 82B)
Class com.google.common.base.Equivalence$Identity                                     : loaded 2 times (x 82B)
Class org.gradle.tooling.model.gradle.GradleScript                                    : loaded 2 times (x 70B)
Class com.google.common.base.PairwiseEquivalence                                      : loaded 2 times (x 83B)
Class com.google.common.collect.RegularImmutableMap$KeySet                            : loaded 2 times (x 150B)
Class org.jetbrains.plugins.gradle.tooling.serialization.internal.IdeaProjectSerializationService$ReadContext: loaded 2 times (x 72B)
Class com.android.ide.gradle.model.dependencies.DeclaredDependencies                  : loaded 2 times (x 70B)
Class kotlin.text.MatchGroupCollection                                                : loaded 2 times (x 70B)
Class kotlin.text.MatcherMatchResult                                                  : loaded 2 times (x 80B)
Class kotlin.sequences.FlatteningSequence                                             : loaded 2 times (x 75B)
Class kotlin.NotImplementedError                                                      : loaded 2 times (x 82B)
Class org.gradle.internal.classloader.FilteringClassLoader                            : loaded 2 times (x 105B)
Class [Lcom.google.common.base.AbstractIterator$State;                                : loaded 2 times (x 69B)
Class com.google.common.base.CharMatcher$IsEither                                     : loaded 2 times (x 111B)
Class com.intellij.gradle.toolingExtension.impl.model.sourceSetModel.GradleSourceSetSerialisationService$Companion: loaded 2 times (x 71B)
Class kotlin.sequences.SequencesKt__SequenceBuilderKt                                 : loaded 2 times (x 71B)
Class kotlin.collections.CollectionsKt__ReversedViewsKt                               : loaded 2 times (x 71B)
Class org.gradle.internal.classloader.ClassLoaderHierarchy                            : loaded 2 times (x 70B)
Class com.android.builder.model.v2.models.VariantDependenciesAdjacencyList            : loaded 2 times (x 70B)
Class com.google.common.collect.ImmutableEnumSet                                      : loaded 2 times (x 146B)
Class com.google.common.util.concurrent.ExecutionError                                : loaded 2 times (x 82B)
Class com.google.common.collect.ImmutableList$1                                       : loaded 2 times (x 97B)
Class org.jetbrains.plugins.gradle.tooling.util.IntObjectMap$ObjectFactory            : loaded 2 times (x 70B)
Class org.gradle.tooling.model.build.GradleEnvironment                                : loaded 2 times (x 70B)
Class org.gradle.tooling.internal.adapter.ProtocolToModelAdapter$InvocationHandlerImpl: loaded 2 times (x 77B)
Class org.gradle.api.internal.classpath.ManifestUtil                                  : loaded 2 times (x 71B)
Class com.google.common.collect.RegularImmutableMap                                   : loaded 2 times (x 121B)
Class com.google.common.collect.ImmutableMap$MapViewOfValuesAsSingletonSets           : loaded 2 times (x 125B)
Class org.jetbrains.plugins.gradle.model.AnnotationProcessingModel                    : loaded 2 times (x 70B)
Class org.jetbrains.plugins.gradle.model.GradleExtensions                             : loaded 2 times (x 70B)
Class org.gradle.tooling.internal.adapter.TargetTypeProvider                          : loaded 2 times (x 70B)
Class [Lorg.objectweb.asm.Symbol;                                                     : loaded 2 times (x 69B)
Class org.objectweb.asm.ClassVisitor                                                  : loaded 2 times (x 88B)
Class kotlin.sequences.TransformingSequence                                           : loaded 2 times (x 75B)
Class org.gradle.tooling.internal.adapter.MethodInvocation                            : loaded 2 times (x 85B)
Class org.gradle.internal.operations.MultipleBuildOperationFailures                   : loaded 2 times (x 95B)
Class org.objectweb.asm.MethodTooLargeException                                       : loaded 2 times (x 83B)
Class [Lcom.google.common.cache.CacheBuilder$OneWeigher;                              : loaded 2 times (x 69B)
Class com.google.common.base.Suppliers                                                : loaded 2 times (x 71B)
Class com.google.common.base.Platform$JdkPatternCompiler                              : loaded 2 times (x 75B)
Class org.jetbrains.kotlin.idea.gradleTooling.AndroidAwareGradleModelProvider$Companion: loaded 2 times (x 71B)
Class com.intellij.util.containers.IntObjectHashMap$ArrayProducer                     : loaded 2 times (x 70B)
Class org.gradle.internal.classloader.DefaultClassLoaderFactory                       : loaded 2 times (x 82B)
Class com.google.common.base.CharMatcher$None                                         : loaded 2 times (x 112B)

---------------  S Y S T E M  ---------------

OS:
uname: Darwin 21.6.0 Darwin Kernel Version 21.6.0: Mon Jun 24 00:56:10 PDT 2024; root:xnu-8020.240.18.709.2~1/RELEASE_X86_64 x86_64
OS uptime: 0 days 21:13 hours
rlimit (soft/hard): STACK 8192k/65532k , CORE 0k/infinity , NPROC 2784/4176 , NOFILE 10240/infinity , AS infinity/infinity , CPU infinity/infinity , DATA infinity/infinity , FSIZE infinity/infinity , MEMLOCK infinity/infinity , RSS infinity/infinity
load average: 52.84 18.97 9.60

CPU: total 8 (initial active 8) (4 cores per cpu, 2 threads per core) family 6 model 94 stepping 3 microcode 0xf0, cx8, cmov, fxsr, ht, mmx, 3dnowpref, sse, sse2, sse3, ssse3, sse4.1, sse4.2, popcnt, lzcnt, tsc, tscinvbit, avx, avx2, aes, erms, clmul, bmi1, bmi2, rtm, adx, fma, vzeroupper, clflush, clflushopt, rdtscp, f16c
machdep.cpu.brand_string:Intel(R) Core(TM) i7-6920HQ CPU @ 2.90GHz
hw.cpufrequency:2900000000
hw.cpufrequency_min:2900000000
hw.cpufrequency_max:2900000000
hw.cachelinesize:64
hw.l1icachesize:32768
hw.l1dcachesize:32768
hw.l2cachesize:262144
hw.l3cachesize:8388608

Memory: 4k page, physical 16777216k(370660k free), swap 8388608k(1434880k free)

vm_info: OpenJDK 64-Bit Server VM (21.0.9+-14649483-b1163.86) for bsd-amd64 JRE (21.0.9+-14649483-b1163.86), built on 2025-12-30T22:24:56Z by "builder" with clang Android (10087095, +pgo, +bolt, +lto, -mlgo, based on r487747c) Clang 17.0.2 (https://android.googlesource.com/toolchain/llvm-project d9f89f4d16663d5012e5c09495f3b30ece3d2362)

END.
